code_nsf,code_scolarite,sigle_type_formation,libelle_type_formation,libelle_formation_principal,sigle_formation,duree,niveau_de_sortie_indicatif,code_rncp,niveau_de_certification,libelle_niveau_de_certification,tutelle,url_et_id_onisep,domainesous-domaine,date_creation,date_de_modification
323,,,formation d'école spécialisée,bachelor photographie et images animées (Condé),,3 ans,bac + 3,,0,non inscrit au RNCP,non renseigné,https://www.onisep.fr/http/redirection/formation/slug/FOR.7680,"information-communication, audiovisuel/audiovisuel",25/05/2022,05/05/2026
332,46033206,,diplôme d'État du travail social,diplôme d'État de technicien de l'intervention sociale et familiale,DETISF,2 ans,bac ou équivalent,39680,4,niveau 4,Ministère des Solidarités et de la Santé,https://www.onisep.fr/http/redirection/formation/slug/FOR.11003,"santé, social, sport/travail social",27/01/2025,11/06/2026
312,16531212,,diplôme d'école de commerce visé de niveau bac + 4 ou 5,diplôme du programme grande école de SKEMA BS,,3 ans,bac + 5,41054,1,niveau 7,Chambre de commerce et d'industrie,https://www.onisep.fr/http/redirection/formation/slug/FOR.11746,"commerce, marketing, vente/achat, approvisionnement | gestion des entreprises, comptabilité/administration de l'entreprise | commerce, marketing, vente/commerce international | commerce, marketing, vente/marketing, vente | gestion des entreprises, comptabilité/ressources humaines",30/07/2025,20/10/2025
315,,,formation d'école spécialisée,psychologue du travail (CNAM),,5 ans,bac + 5,37813,1,niveau 7,non renseigné,https://www.onisep.fr/http/redirection/formation/slug/FOR.12214,"histoire-géographie, psychologie, sociologie/psychologie",25/11/2025,26/11/2025
335,44633506,BPJEPS,"brevet professionnel de la jeunesse, de l'éducation populaire et du sport",BPJEPS spécialité éducateur sportif mention multi-activités physiques ou sportives pour tous,MAPST,1 an,bac ou équivalent,40480,4,niveau 4,Ministère chargé des sports,https://www.onisep.fr/http/redirection/formation/slug/FOR.11073,"santé, social, sport/sport",03/02/2025,23/04/2026
100,47010018,,classe de 2de générale et technologique,classe de 2de générale et technologique,,1 an,seconde,,0,non inscrit au RNCP,Ministère chargé de l'Éducation nationale,https://www.onisep.fr/http/redirection/formation/slug/FOR.1152,"lettres, langues, enseignement/formations généralistes",06/06/2020,04/06/2026
330,40033006,,baccalauréat professionnel,bac pro animation-enfance et personnes âgées,AEPA,3 ans,bac ou équivalent,41187,4,niveau 4,Ministère chargé de l'Éducation nationale,https://www.onisep.fr/http/redirection/formation/slug/FOR.2568,"santé, social, sport/travail social",06/06/2020,03/06/2026
334,40033404,,classe de 2de professionnelle,classe de 2de professionnelle métiers de l'hôtellerie-restauration,,1 an,seconde,,0,non inscrit au RNCP,Ministère chargé de l'Éducation nationale,https://www.onisep.fr/http/redirection/formation/slug/FOR.2627,"hôtellerie-restauration, tourisme/hôtellerie | hôtellerie-restauration, tourisme/restauration",06/06/2020,02/06/2026
220,,mastère spé.,mastère spécialisé,mastère spé. industrie des ressources minérales et société (Mines Paris-PSL - Mines Nancy - ENSG Géologie),,1 an,bac + 6,,0,non inscrit au RNCP,non renseigné,https://www.onisep.fr/http/redirection/formation/slug/FOR.3745,"matières premières, fabrication, industries/matériaux | matières premières, fabrication, industries/mines et carrières | sciences/sciences de la Terre",06/06/2020,17/06/2024
,,CPI,cycle préparatoire intégré,cycle préparatoire intégré IMT Nord Europe,IMT Nord Europe,2 ans,bac + 2,,0,non inscrit au RNCP,non renseigné,https://www.onisep.fr/http/redirection/formation/slug/FOR.9037,"environnement, énergies, propreté/énergies | environnement, énergies, propreté/environnement (généralités) | construction, architecture, travaux publics/génie civil | matières premières, fabrication, industries/génie industriel | matières premières, fabrication, industries/matériaux | information-communication, audiovisuel/multimédia | information-communication, audiovisuel/technologies de l'information",30/06/2023,02/10/2025
126,13512607,,master,"master mention archéologie, sciences pour l'archéologie",,2 ans,bac + 5,40717,1,niveau 7,Ministère de l'Enseignement supérieur et de la Recherche,https://www.onisep.fr/http/redirection/formation/slug/FOR.11594,"histoire-géographie, psychologie, sociologie/histoire",27/06/2025,27/06/2025
,,CPI,cycle préparatoire intégré,cycle préparatoire intégré de l'UPSSITECH,UPSSITECH,2 ans,bac + 2,,0,non inscrit au RNCP,non renseigné,https://www.onisep.fr/http/redirection/formation/slug/FOR.11319,"mécanique/automatismes | construction, architecture, travaux publics/génie civil | sciences/sciences de la Terre | informatique, Internet/systèmes et réseaux | électricité, électronique, robotique/télécommunications",14/04/2025,22/10/2025
310,16531017,,diplôme d'école de commerce visé de niveau bac + 4 ou 5,diplôme d'études supérieures en management global,,2 ans,bac + 5,37936,1,niveau 7,Ministère de l'Enseignement supérieur et de la Recherche,https://www.onisep.fr/http/redirection/formation/slug/FOR.9388,"gestion des entreprises, comptabilité/administration de l'entreprise | commerce, marketing, vente/marketing, vente",04/12/2023,12/05/2026
126,13512606,,master,master mention histoire,,2 ans,bac + 5,40794,1,niveau 7,Ministère de l'Enseignement supérieur et de la Recherche,https://www.onisep.fr/http/redirection/formation/slug/FOR.11593,"histoire-géographie, psychologie, sociologie/histoire",27/06/2025,20/10/2025
312,16X31203,,formation d'école spécialisée,manager des achats,,2 ans,bac + 5,40609,1,niveau 7,non renseigné,https://www.onisep.fr/http/redirection/formation/slug/FOR.11678,"commerce, marketing, vente/achat, approvisionnement | arts, culture, artisanat/arts graphiques",15/07/2025,20/10/2025
255,40025517,,baccalauréat professionnel,bac pro métiers du froid et des énergies renouvelables,MFER,3 ans,bac ou équivalent,42119,4,niveau 4,Ministère chargé de l'Éducation nationale,https://www.onisep.fr/http/redirection/formation/slug/FOR.6865,"environnement, énergies, propreté/énergies",04/02/2021,05/06/2026
312 | 310 | 313,26531204,,diplôme d'école de commerce visé (bac + 3),bachelor en sciences du management,,3 ans,bac + 3,37689,2,niveau 6,Ministère de l'Enseignement supérieur et de la Recherche,https://www.onisep.fr/http/redirection/formation/slug/FOR.8843,"gestion des entreprises, comptabilité/administration de l'entreprise",10/05/2023,12/05/2026
312,,mastère spé.,mastère spécialisé,mastère spé. management et innovation dans la mode (ENSAIT - IAE - IFM),,1 an,bac + 6,,0,non inscrit au RNCP,non renseigné,https://www.onisep.fr/http/redirection/formation/slug/FOR.2686,"commerce, marketing, vente/achat, approvisionnement | arts, culture, artisanat/arts graphiques | environnement, énergies, propreté/environnement (généralités) | matières premières, fabrication, industries/études et développement | commerce, marketing, vente/grande distribution et petits commerces",06/06/2020,17/05/2024
234,50023446,CAP,certificat d'aptitude professionnelle,CAP charpentier bois,,2 ans,CAP ou équivalent,41012,5,niveau 3,Ministère chargé de l'Éducation nationale,https://www.onisep.fr/http/redirection/formation/slug/FOR.6820,"matières premières, fabrication, industries/bois | construction, architecture, travaux publics/charpente, couverture",21/01/2021,17/04/2026
312,40031213,,baccalauréat professionnel,bac pro métiers du commerce et de la vente option A animation et gestion de l'espace commercial,MCV,3 ans,bac ou équivalent,38399,4,niveau 4,Ministère chargé de l'Éducation nationale,https://www.onisep.fr/http/redirection/formation/slug/FOR.5839,"commerce, marketing, vente/grande distribution et petits commerces | commerce, marketing, vente/marketing, vente",06/06/2020,11/06/2026
252,40025220,,baccalauréat professionnel,bac pro maintenance des matériels option B matériels de construction et de manutention,,3 ans,bac ou équivalent,39327,4,niveau 4,Ministère chargé de l'Éducation nationale,https://www.onisep.fr/http/redirection/formation/slug/FOR.5705,mécanique/engins | mécanique/mécanique (généralités),06/06/2020,03/06/2026
331,26033103,,diplôme d'État du paramédical,diplôme d'État d'audioprothésiste,,3 ans,bac + 3,36110,3,niveau 5,Ministère des Solidarités et de la Santé,https://www.onisep.fr/http/redirection/formation/slug/FOR.9301,"santé, social, sport/paramédical",25/10/2023,05/02/2026
230,,,bachelor en sciences et ingénierie,bachelor en sciences et ingénierie - génie de l'aménagement,ENTPE,3 ans,bac + 3,42399,2,niveau 6,Ministère de l'Enseignement supérieur et de la Recherche,https://www.onisep.fr/http/redirection/formation/slug/FOR.12530,"environnement, énergies, propreté/aménagement du territoire | environnement, énergies, propreté/environnement (généralités) | logistique, transport/transport | environnement, énergies, propreté/urbanisme",23/03/2026,15/06/2026
314,46E31401,,formation d'école spécialisée,assistant de comptabilité et d'administration en PME/TPE,,1 an,bac ou équivalent,38506,4,niveau 4,non renseigné,https://www.onisep.fr/http/redirection/formation/slug/FOR.9720,"gestion des entreprises, comptabilité/administration de l'entreprise | gestion des entreprises, comptabilité/comptabilité | gestion des entreprises, comptabilité/secrétariat",25/01/2024,22/04/2024
326,,,formation d'école spécialisée,progamme bac + 3 ingénierie informatique et électronique,,3 ans,bac + 3,,0,non inscrit au RNCP,non renseigné,https://www.onisep.fr/http/redirection/formation/slug/FOR.1242,"informatique, Internet/développement, programmation, logiciel | électricité, électronique, robotique/électronique | informatique, Internet/informatique (généralités) | information-communication, audiovisuel/multimédia | informatique, Internet/systèmes et réseaux",06/06/2020,06/01/2026
220,13522012,,master,master mention chimie et sciences des matériaux,,2 ans,bac + 5,38704,1,niveau 7,Ministère de l'Enseignement supérieur et de la Recherche,https://www.onisep.fr/http/redirection/formation/slug/FOR.10025,"sciences/chimie | matières premières, fabrication, industries/matériaux",25/04/2024,25/04/2024
110 | 120,,,licence,licence mention sciences de la transition écologique et sociétale,,3 ans,bac + 3,37025,2,niveau 6,Ministère de l'Enseignement supérieur et de la Recherche,https://www.onisep.fr/http/redirection/formation/slug/FOR.7407,"environnement, énergies, propreté/aménagement du territoire | environnement, énergies, propreté/environnement (généralités) | sciences/sciences de la Terre",19/01/2022,12/03/2026
201,40020102,,baccalauréat professionnel,bac pro pilote de ligne de production,PLP,3 ans,bac ou équivalent,36428,4,niveau 4,Ministère chargé de l'Éducation nationale,https://www.onisep.fr/http/redirection/formation/slug/FOR.4149,"mécanique/automatismes | environnement, énergies, propreté/énergies | matières premières, fabrication, industries/fabrication, productique | matières premières, fabrication, industries/fonction production (généralités) | matières premières, fabrication, industries/matériaux | matières premières, fabrication, industries/méthodes industrialisation",06/06/2020,03/06/2026
232,50023224,CAP,certificat d'aptitude professionnelle,CAP maçon,,2 ans,CAP ou équivalent,41830,5,niveau 3,Ministère chargé de l'Éducation nationale,https://www.onisep.fr/http/redirection/formation/slug/FOR.7014,"construction, architecture, travaux publics/maçonnerie, béton armé",04/06/2021,04/06/2026
310,43031017,,baccalauréat technologique,bac techno STMG sciences et technologies du management et de la gestion enseignement spécifique gestion et finance,,1 an,bac ou équivalent,,4,niveau 4,Ministère chargé de l'Éducation nationale,https://www.onisep.fr/http/redirection/formation/slug/FOR.1639,"gestion des entreprises, comptabilité/administration de l'entreprise",06/06/2020,05/06/2026
331 | 112 | 118,13533116,,master,master mention biologie-santé,,2 ans,bac + 5,38970,1,niveau 7,Ministère de l'Enseignement supérieur et de la Recherche,https://www.onisep.fr/http/redirection/formation/slug/FOR.10198,"sciences/biologie | santé, social, sport/santé (généralités)",24/06/2024,25/07/2025
323,,,formation d'école spécialisée,illustration et bande dessinée,,2 ans,bac + 5,,0,non inscrit au RNCP,non renseigné,https://www.onisep.fr/http/redirection/formation/slug/FOR.3683,"arts, culture, artisanat/arts graphiques",06/06/2020,15/02/2023
422,,mastère spé.,mastère spécialisé,mastère spé. manager de projet innovant en économie circulaire,,1 an,bac + 6,,0,non inscrit au RNCP,non renseigné,https://www.onisep.fr/http/redirection/formation/slug/FOR.8183,"gestion des entreprises, comptabilité/administration de l'entreprise | matières premières, fabrication, industries/fonction production (généralités) | matières premières, fabrication, industries/génie industriel | économie, droit, politique/sciences économiques",27/10/2022,18/04/2025
136,13513621,,master,master mention traduction et interprétation,,2 ans,bac + 5,39280,1,niveau 7,Ministère de l'Enseignement supérieur et de la Recherche,https://www.onisep.fr/http/redirection/formation/slug/FOR.10365,"lettres, langues, enseignement/langues",23/07/2024,26/06/2026
200,43020005,,baccalauréat technologique,bac techno STI2D sciences et technologies de l'industrie et du développement durable enseignement spécifique innovation technologique et éco-conception,,1 an,bac ou équivalent,,4,niveau 4,Ministère chargé de l'Éducation nationale,https://www.onisep.fr/http/redirection/formation/slug/FOR.3284,"matières premières, fabrication, industries/fonction production (généralités)",06/06/2020,04/12/2025
100,47010019,,baccalauréat général,bac général,,1 an,bac ou équivalent,,4,niveau 4,Ministère chargé de l'Éducation nationale,https://www.onisep.fr/http/redirection/formation/slug/FOR.3354,"lettres, langues, enseignement/formations généralistes",06/06/2020,18/06/2026
336,40033606,,baccalauréat professionnel,bac pro esthétique cosmétique parfumerie,,3 ans,bac ou équivalent,36331,4,niveau 4,Ministère chargé de l'Éducation nationale,https://www.onisep.fr/http/redirection/formation/slug/FOR.7608,"santé, social, sport/esthétique | commerce, marketing, vente/grande distribution et petits commerces",31/03/2022,05/11/2025
128,20512806,,licence,licence mention droit,,3 ans,bac + 3,38186,2,niveau 6,Ministère de l'Enseignement supérieur et de la Recherche,https://www.onisep.fr/http/redirection/formation/slug/FOR.9722,"économie, droit, politique/droit (généralités)",26/01/2024,04/05/2026
336,50033615,CAP,certificat d'aptitude professionnelle,CAP esthétique cosmétique parfumerie,,2 ans,CAP ou équivalent,39030,5,niveau 3,Ministère chargé de l'Éducation nationale,https://www.onisep.fr/http/redirection/formation/slug/FOR.872,"santé, social, sport/esthétique | commerce, marketing, vente/marketing, vente",06/06/2020,04/06/2026
200,2502001U,,licence professionnelle,"licence pro mention qualité, hygiène, sécurité, santé, environnement",,1 an,bac + 3,40331,2,niveau 6,Ministère de l'Enseignement supérieur et de la Recherche,https://www.onisep.fr/http/redirection/formation/slug/FOR.11369,"environnement, énergies, propreté/environnement (généralités) | matières premières, fabrication, industries/maintenance, qualité | environnement, énergies, propreté/propreté | armée, sécurité/sécurité, prévention",25/04/2025,20/06/2025
312,16531220,,diplôme d'école de commerce visé de niveau bac + 4 ou 5,diplôme d'études supérieures en management (Programme Grande École),,3 ans,bac + 5,39568,1,niveau 7,Chambre de commerce et d'industrie,https://www.onisep.fr/http/redirection/formation/slug/FOR.10720,"commerce, marketing, vente/commerce international | banque, assurances, immobilier/finances",07/11/2024,23/07/2025
310 | 343 | 341,16X31069,mastère spé.,mastère spécialisé,mastère spé. manager du changement et de l'innovation durable,,1 an,bac + 6,38265,1,niveau 7,non renseigné,https://www.onisep.fr/http/redirection/formation/slug/FOR.999,"environnement, énergies, propreté/environnement (généralités) | matières premières, fabrication, industries/études et développement | matières premières, fabrication, industries/fonction production (généralités) | armée, sécurité/sécurité, prévention",06/06/2020,17/02/2025
136 | 333 | 334,20513636,,licence,"licence mention langues, littératures et civilisations étrangères et régionales",LLCER,3 ans,bac + 3,40120,2,niveau 6,Ministère de l'Enseignement supérieur et de la Recherche,https://www.onisep.fr/http/redirection/formation/slug/FOR.11123,"lettres, langues, enseignement/langues | lettres, langues, enseignement/lettres, linguistique",14/02/2025,26/06/2026
200,43020004,,baccalauréat technologique,bac techno STI2D sciences et technologies de l'industrie et du développement durable enseignement spécifique énergie et environnement,,1 an,bac ou équivalent,,4,niveau 4,Ministère chargé de l'Éducation nationale,https://www.onisep.fr/http/redirection/formation/slug/FOR.3139,"environnement, énergies, propreté/énergies | environnement, énergies, propreté/environnement (généralités) | matières premières, fabrication, industries/fonction production (généralités)",06/06/2020,09/07/2025
331,26033101,,diplôme d'État du paramédical,diplôme d'État d'infirmier,DEI,3 ans,bac + 3,39923,2,niveau 6,Ministère des Solidarités et de la Santé,https://www.onisep.fr/http/redirection/formation/slug/FOR.2378,"santé, social, sport/paramédical",06/06/2020,26/01/2026
118,,,formation d'école spécialisée,Master in BioMedical Engineering,,2 ans,bac + 5,,1,niveau 7,Ministère de l'Enseignement supérieur et de la Recherche,https://www.onisep.fr/http/redirection/formation/slug/FOR.4392,"sciences/biologie | santé, social, sport/santé (généralités)",06/06/2020,18/02/2026
115,13511517,,master,master mention physique fondamentale et applications,,2 ans,bac + 5,38994,1,niveau 7,Ministère de l'Enseignement supérieur et de la Recherche,https://www.onisep.fr/http/redirection/formation/slug/FOR.10202,sciences/physique,24/06/2024,07/10/2024
,,DU,diplôme d'université,DU MSc Affluencers and Luxury,,2 ans,bac + 5,,0,non inscrit au RNCP,non renseigné,https://www.onisep.fr/http/redirection/formation/slug/FOR.7244,"informatique, Internet/bases de données | informatique, Internet/informatique (généralités) | commerce, marketing, vente/marketing, vente",15/11/2021,30/10/2024
200,43020008,,baccalauréat technologique,bac techno STL sciences et technologies de laboratoire enseignement spécifique sciences physiques et chimiques en laboratoire,,1 an,bac ou équivalent,,4,niveau 4,Ministère chargé de l'Éducation nationale,https://www.onisep.fr/http/redirection/formation/slug/FOR.3285,sciences/chimie | sciences/physique,06/06/2020,11/06/2026
255,40025520,,baccalauréat professionnel,bac pro métiers de l'électricité et de ses environnements connectés,MELEC,3 ans,bac ou équivalent,38878,4,niveau 4,Ministère chargé de l'Éducation nationale,https://www.onisep.fr/http/redirection/formation/slug/FOR.9919,"mécanique/automatismes | électricité, électronique, robotique/électrotechnique | construction, architecture, travaux publics/équipement technique | matières premières, fabrication, industries/maintenance, qualité",12/03/2024,11/06/2026
332,,,formation d'école spécialisée,préparation à l'entrée dans les formations sociales (niveau CAP à bac),,1 an,CAP ou équivalent + 1 an,,0,non inscrit au RNCP,non renseigné,https://www.onisep.fr/http/redirection/formation/slug/FOR.3754,"santé, social, sport/travail social",06/06/2020,19/10/2023
326 | 310,1353261N,,master,master mention réseaux et télécommunication,,2 ans,bac + 5,38997,1,niveau 7,Ministère de l'Enseignement supérieur et de la Recherche,https://www.onisep.fr/http/redirection/formation/slug/FOR.10232,"électricité, électronique, robotique/télécommunications",27/06/2024,26/06/2026
300,40030004,,baccalauréat professionnel,bac pro assistance à la gestion des organisations et de leurs activités,AGOrA,3 ans,bac ou équivalent,40705,4,niveau 4,Ministère chargé de l'Éducation nationale,https://www.onisep.fr/http/redirection/formation/slug/FOR.4284,"gestion des entreprises, comptabilité/administration de l'entreprise | gestion des entreprises, comptabilité/comptabilité | gestion des entreprises, comptabilité/ressources humaines | économie, droit, politique/sciences économiques | gestion des entreprises, comptabilité/secrétariat",06/06/2020,11/06/2026
311 | 200,16X31108,mastère spé.,mastère spécialisé,mastère spé. management industriel et systèmes logistiques,MISL,1 an,bac + 6,38103,1,niveau 7,non renseigné,https://www.onisep.fr/http/redirection/formation/slug/FOR.644,"matières premières, fabrication, industries/génie industriel | logistique, transport/logistique",06/06/2020,17/02/2025
312,40031212,,baccalauréat professionnel,bac pro métiers de l'accueil,,3 ans,bac ou équivalent,38397,4,niveau 4,Ministère chargé de l'Éducation nationale,https://www.onisep.fr/http/redirection/formation/slug/FOR.1354,"gestion des entreprises, comptabilité/administration de l'entreprise | commerce, marketing, vente/marketing, vente | gestion des entreprises, comptabilité/secrétariat",06/06/2020,03/06/2026
310,43031019,,baccalauréat technologique,bac techno STMG sciences et technologies du management et de la gestion enseignement spécifique ressources humaines et communication,,1 an,bac ou équivalent,,4,niveau 4,Ministère chargé de l'Éducation nationale,https://www.onisep.fr/http/redirection/formation/slug/FOR.3147,"gestion des entreprises, comptabilité/ressources humaines",06/06/2020,13/11/2025
311 | 310 | 312,16531101,,diplôme d'école de commerce visé de niveau bac + 4 ou 5,diplôme supérieur en logistique et gestion de la chaîne d'approvisionnement,,2 ans,bac + 5,41232,1,niveau 7,Ministère de l'Enseignement supérieur et de la Recherche,https://www.onisep.fr/http/redirection/formation/slug/FOR.11696,"commerce, marketing, vente/achat, approvisionnement | logistique, transport/logistique",21/07/2025,22/10/2025
200 | 312 | 314,26520001,,diplôme d'école de commerce visé (bac + 3),bachelor en sciences du management - diplôme en management et nouvelles technologies,,3 ans,bac + 3,39439,2,niveau 6,Ministère de l'Enseignement supérieur et de la Recherche,https://www.onisep.fr/http/redirection/formation/slug/FOR.8828,"gestion des entreprises, comptabilité/administration de l'entreprise | logistique, transport/logistique | commerce, marketing, vente/marketing, vente",10/05/2023,12/05/2026
221,40322108,,baccalauréat professionnel,bac pro technicien conseil vente en alimentation (produits alimentaires et boissons),,3 ans,bac ou équivalent,41938,4,niveau 4,"Ministère de l'agriculture, de l'agro-alimentaire et de la souveraineté alimentaire",https://www.onisep.fr/http/redirection/formation/slug/FOR.7702,"matières premières, fabrication, industries/agroalimentaire | commerce, marketing, vente/grande distribution et petits commerces | commerce, marketing, vente/marketing, vente",02/06/2022,03/06/2026
332,50033205,CAP,certificat d'aptitude professionnelle,CAP accompagnant éducatif petite enfance,AEPE,2 ans,CAP ou équivalent,38565,5,niveau 3,Ministère chargé de l'Éducation nationale,https://www.onisep.fr/http/redirection/formation/slug/FOR.6821,"santé, social, sport/travail social",21/01/2021,12/03/2026
201,40020104,,classe de 2de professionnelle,classe de 2de professionnelle métiers du pilotage et de la maintenance d'installations automatisées,,1 an,seconde,,0,non inscrit au RNCP,Ministère chargé de l'Éducation nationale,https://www.onisep.fr/http/redirection/formation/slug/FOR.6817,"mécanique/automatismes | matières premières, fabrication, industries/bois | sciences/chimie | matières premières, fabrication, industries/fabrication, productique | matières premières, fabrication, industries/maintenance, qualité | mécanique/mécanique (généralités) | matières premières, fabrication, industries/papier, carton",19/01/2021,24/07/2025
310,,mastère spé.,mastère spécialisé,mastère spé. stratégie et développement d'affaires internationales (emlyon - CentraleSupélec),,1 an,bac + 6,,0,non inscrit au RNCP,non renseigné,https://www.onisep.fr/http/redirection/formation/slug/FOR.733,"gestion des entreprises, comptabilité/administration de l'entreprise | commerce, marketing, vente/commerce international",06/06/2020,05/02/2024
200 | 326 | 250 | 201,13520024,,master,master mention ingénierie des systèmes complexes,,2 ans,bac + 5,38981,1,niveau 7,Ministère de l'Enseignement supérieur et de la Recherche,https://www.onisep.fr/http/redirection/formation/slug/FOR.10211,"matières premières, fabrication, industries/génie industriel",25/06/2024,26/06/2026
114,13511416,,master,master mention mathématiques et applications,,2 ans,bac + 5,39416,1,niveau 7,Ministère de l'Enseignement supérieur et de la Recherche,https://www.onisep.fr/http/redirection/formation/slug/FOR.10458,sciences/mathématiques,30/08/2024,26/06/2026
,,CPI,cycle préparatoire intégré,cycle préparatoire intégré de l'Icam Toulouse - La prépa professionnalisante (partenariat avec un lycée) BTS ATI,ICAM,2 ans,bac + 2,,0,non inscrit au RNCP,non renseigné,https://www.onisep.fr/http/redirection/formation/slug/FOR.9642,"mécanique/automatismes | électricité, électronique, robotique/électrotechnique | matières premières, fabrication, industries/fonction production (généralités) | informatique, Internet/informatique (généralités) | sciences/mathématiques | mécanique/mécanique (généralités) | sciences/physique",28/12/2023,12/09/2024
326,16X3261M,mastère spé.,mastère spécialisé,mastère spé. ingénieur en intelligence artificielle,,1 an,bac + 6,40235,1,niveau 7,non renseigné,https://www.onisep.fr/http/redirection/formation/slug/FOR.11275,"mécanique/automatismes | informatique, Internet/bases de données | informatique, Internet/développement, programmation, logiciel | informatique, Internet/informatique (généralités) | informatique, Internet/informatique industrielle et technologique | informatique, Internet/informatique pour la recherche",03/04/2025,24/11/2025
252,50025227,CAP,certificat d'aptitude professionnelle,CAP maintenance des véhicules option motocycles,MV,2 ans,CAP ou équivalent,40997,5,niveau 3,Ministère chargé de l'Éducation nationale,https://www.onisep.fr/http/redirection/formation/slug/FOR.11285,"mécanique/automobile | mécanique/cycle, moto | matières premières, fabrication, industries/maintenance, qualité | mécanique/mécanique (généralités)",03/04/2025,28/04/2026
334,43033402,,classe de 2de spécifique,classe de 2de spécifique conduisant au bac STHR Sciences et technologies de l'hôtellerie et de la restauration,STHR,1 an,seconde,,0,non inscrit au RNCP,Ministère chargé de l'Éducation nationale,https://www.onisep.fr/http/redirection/formation/slug/FOR.5432,"hôtellerie-restauration, tourisme/hôtellerie | hôtellerie-restauration, tourisme/restauration",06/06/2020,29/05/2026
300,40030003,,classe de 2de professionnelle,"classe de 2de professionnelle métiers de la gestion administrative, du transport et de la logistique",,1 an,seconde,,0,non inscrit au RNCP,Ministère chargé de l'Éducation nationale,https://www.onisep.fr/http/redirection/formation/slug/FOR.4412,"gestion des entreprises, comptabilité/administration de l'entreprise | logistique, transport/logistique | gestion des entreprises, comptabilité/secrétariat | logistique, transport/transport",06/06/2020,01/06/2026
252,40025222,,classe de 2de professionnelle,classe de 2de professionnelle métiers de la maintenance des matériels et des véhicules,,1 an,seconde,,0,non inscrit au RNCP,Ministère chargé de l'Éducation nationale,https://www.onisep.fr/http/redirection/formation/slug/FOR.6813,"mécanique/automobile | matières premières, fabrication, industries/maintenance, qualité",19/01/2021,24/07/2025
221,50022140,CAP,certificat d'aptitude professionnelle,CAP crémier-fromager,,2 ans,CAP ou équivalent,37533,5,niveau 3,Ministère chargé de l'Éducation nationale,https://www.onisep.fr/http/redirection/formation/slug/FOR.1260,"matières premières, fabrication, industries/agroalimentaire | commerce, marketing, vente/grande distribution et petits commerces",06/06/2020,05/06/2026
220,13522013,,master,master mention sciences et génie des matériaux,,2 ans,bac + 5,38708,1,niveau 7,Ministère de l'Enseignement supérieur et de la Recherche,https://www.onisep.fr/http/redirection/formation/slug/FOR.10034,"matières premières, fabrication, industries/matériaux",30/04/2024,07/04/2025
335,13533525,,master,master mention sciences et techniques des activités physiques et sportives : ingénierie et ergonomie de l'activité physique,,2 ans,bac + 5,38699,1,niveau 7,Ministère de l'Enseignement supérieur et de la Recherche,https://www.onisep.fr/http/redirection/formation/slug/FOR.10037,"histoire-géographie, psychologie, sociologie/psychologie | santé, social, sport/sport",02/05/2024,09/09/2025
314,,,formation d'école spécialisée,diplôme de gestion et de comptabilité (INTEC),DGC,3 ans,bac + 3,,0,non inscrit au RNCP,non renseigné,https://www.onisep.fr/http/redirection/formation/slug/FOR.2736,"gestion des entreprises, comptabilité/administration de l'entreprise | gestion des entreprises, comptabilité/comptabilité",06/06/2020,26/05/2026
133,,,classe de mise à niveau post bac,année préparatoire cinéma d'animation,,1 an,bac + 1,,0,non inscrit au RNCP,non renseigné,https://www.onisep.fr/http/redirection/formation/slug/FOR.3091,"arts, culture, artisanat/arts graphiques",06/06/2020,29/10/2024
242,15524201,DU,diplôme d'université,DU diplôme de grand établissement mention mode et matière,,2 ans,bac + 5,39073,1,niveau 7,Ministère de la Culture et de la communication,https://www.onisep.fr/http/redirection/formation/slug/FOR.1895,"arts, culture, artisanat/arts graphiques",06/06/2020,03/02/2026
210,43321005,,classe de 1re technologique,classe de 1re STAV sciences et technologies de l'agronomie et du vivant,STAV,1 an,1re,,0,non inscrit au RNCP,"Ministère de l'agriculture, de l'agro-alimentaire et de la souveraineté alimentaire",https://www.onisep.fr/http/redirection/formation/slug/FOR.322,"agriculture, animaux/agriculture (généralités) | matières premières, fabrication, industries/agroalimentaire",06/06/2020,03/06/2026
315,,,diplôme d'école de commerce visé (bac + 3),bachelor en sciences et ingénierie et management - Technologie et management (EMLV - ESILV),BTM,3 ans,bac + 3,41004,2,niveau 6,Ministère de l'Enseignement supérieur et de la Recherche,https://www.onisep.fr/http/redirection/formation/slug/FOR.11722,"gestion des entreprises, comptabilité/administration de l'entreprise | matières premières, fabrication, industries/fonction production (généralités) | commerce, marketing, vente/marketing, vente | informatique, Internet/systèmes et réseaux",25/07/2025,12/05/2026
130,13513006,,master,master mention lettres et humanités,,2 ans,bac + 5,39462,1,niveau 7,Ministère de l'Enseignement supérieur et de la Recherche,https://www.onisep.fr/http/redirection/formation/slug/FOR.10446,"lettres, langues, enseignement/lettres, linguistique",29/08/2024,29/08/2024
334,43033402,,classe de 1re technologique,classe de 1re STHR sciences et technologies de l'hôtellerie et de la restauration,STHR,1 an,1re,,0,non inscrit au RNCP,Ministère chargé de l'Éducation nationale,https://www.onisep.fr/http/redirection/formation/slug/FOR.714,"hôtellerie-restauration, tourisme/hôtellerie | hôtellerie-restauration, tourisme/restauration",06/06/2020,29/05/2026
330,40033007,,baccalauréat professionnel,"bac pro accompagnement, soins et services à la personne",ASSP,3 ans,bac ou équivalent,37231,4,niveau 4,Ministère chargé de l'Éducation nationale,https://www.onisep.fr/http/redirection/formation/slug/FOR.7562,"santé, social, sport/travail social",10/03/2022,11/06/2026
227 | 115 | 200,17022715,,diplôme d'ingénieur spécialisé (ingénieur diplômé de l'année de spécialisation),diplôme d'ingénieur spécialisé en ingénierie des projets éoliens offshore de l'École nationale supérieure du pétrole et des moteurs,ENSPM,1 an,bac + 5,40768,1,niveau 7,Ministère de l'Enseignement supérieur et de la Recherche,https://www.onisep.fr/http/redirection/formation/slug/FOR.11802,"mécanique/construction navale | environnement, énergies, propreté/énergies",03/09/2025,05/01/2026
313,,MSc,Master of Science,MSc Global Finance in a Sustainable World,,2 ans,bac + 5,,0,non inscrit au RNCP,non renseigné,https://www.onisep.fr/http/redirection/formation/slug/FOR.9984,"banque, assurances, immobilier/banque | environnement, énergies, propreté/environnement (généralités) | banque, assurances, immobilier/finances",10/04/2024,30/10/2024
334,,,formation d'école spécialisée,diplôme arts culinaires et entrepreneuriat,,3 ans,bac + 3,36266,2,niveau 6,non renseigné,https://www.onisep.fr/http/redirection/formation/slug/FOR.2145,"hôtellerie-restauration, tourisme/hôtellerie | hôtellerie-restauration, tourisme/restauration",06/06/2020,28/05/2026
333,,,préparation à l'agrégation,préparation à l'agrégation de langues vivantes étrangères option anglais,,1 an,bac + 5,,0,non inscrit au RNCP,non renseigné,https://www.onisep.fr/http/redirection/formation/slug/FOR.5752,"lettres, langues, enseignement/enseignement | lettres, langues, enseignement/langues",06/06/2020,29/10/2024
232,40023211,,baccalauréat professionnel,bac pro organisation et réalisation du gros oeuvre,ORGO,3 ans,bac ou équivalent,41940,4,niveau 4,Ministère chargé de l'Éducation nationale,https://www.onisep.fr/http/redirection/formation/slug/FOR.12443,"construction, architecture, travaux publics/génie civil, construction (généralités) | construction, architecture, travaux publics/maçonnerie, béton armé",10/02/2026,17/04/2026
200,40020008,,classe de 2de professionnelle,classe de 2de professionnelle métiers des transitions numérique et énergétique,,1 an,seconde,,0,non inscrit au RNCP,Ministère chargé de l'Éducation nationale,https://www.onisep.fr/http/redirection/formation/slug/FOR.6816,"électricité, électronique, robotique/électronique | électricité, électronique, robotique/électrotechnique | environnement, énergies, propreté/énergies | construction, architecture, travaux publics/équipement technique | construction, architecture, travaux publics/génie civil | informatique, Internet/informatique (généralités) | matières premières, fabrication, industries/maintenance, qualité",19/01/2021,08/01/2026
,,,licence,"licence mention chimie, sciences de la vie (double diplôme licence - DU)",,3 ans,bac + 3,,2,niveau 6,Ministère de l'Enseignement supérieur et de la Recherche,https://www.onisep.fr/http/redirection/formation/slug/FOR.6734,sciences/biologie | sciences/chimie,02/12/2020,12/03/2026
332 | 330,56033207,,diplôme d'État du travail social,diplôme d'État d'accompagnant éducatif et social,DEAES,1 an,CAP ou équivalent,36004,5,niveau 3,Ministère des Solidarités et de la Santé,https://www.onisep.fr/http/redirection/formation/slug/FOR.7112,"santé, social, sport/paramédical | santé, social, sport/travail social",14/07/2021,05/06/2026
230,13523002,,master,master mention génie urbain,,2 ans,bac + 5,36762,1,niveau 7,Ministère de l'Enseignement supérieur et de la Recherche,https://www.onisep.fr/http/redirection/formation/slug/FOR.4890,"construction, architecture, travaux publics/génie civil, construction (généralités)",06/06/2020,10/11/2023
310,26031047,,diplôme d'école de commerce visé de niveau bac + 4 ou 5,bachelor en sciences du management - diplôme d'études supérieures en management des affaires internationales,,4 ans,bac + 4,41032,2,niveau 6,Ministère de l'Enseignement supérieur et de la Recherche,https://www.onisep.fr/http/redirection/formation/slug/FOR.12102,"gestion des entreprises, comptabilité/administration de l'entreprise | commerce, marketing, vente/commerce international | banque, assurances, immobilier/finances",13/10/2025,12/05/2026
127,13512701,,master,master mention philosophie,,2 ans,bac + 5,40548,1,niveau 7,Ministère de l'Enseignement supérieur et de la Recherche,https://www.onisep.fr/http/redirection/formation/slug/FOR.11442,"histoire-géographie, psychologie, sociologie/philosophie",23/05/2025,23/05/2025
230,26023001,,diplôme des écoles d'architecture,diplôme d'études en architecture,DEEA,3 ans,bac + 3,38343,2,niveau 6,Ministère de la Culture et de la communication,https://www.onisep.fr/http/redirection/formation/slug/FOR.3004,"construction, architecture, travaux publics/architecture",06/06/2020,29/10/2025
335,,,formation d'école spécialisée,"formation qualifiante concertée, métiers sportifs de montagne et de pleine nature",,2 ans,bac ou équivalent,,0,non inscrit au RNCP,Ministère chargé des sports,https://www.onisep.fr/http/redirection/formation/slug/FOR.635,"santé, social, sport/sport",06/06/2020,20/02/2026
230 | 231 | 232,13523013,,master,master mention génie civil,,2 ans,bac + 5,38993,1,niveau 7,Ministère de l'Enseignement supérieur et de la Recherche,https://www.onisep.fr/http/redirection/formation/slug/FOR.10230,"construction, architecture, travaux publics/génie civil",26/06/2024,04/04/2025
200,43020009,,baccalauréat technologique,"bac techno STL sciences et technologies de laboratoire enseignement spécifique biochimie, biologie, biotechnologie",,1 an,bac ou équivalent,,4,niveau 4,Ministère chargé de l'Éducation nationale,https://www.onisep.fr/http/redirection/formation/slug/FOR.3318,sciences/biologie,06/06/2020,11/06/2026
,,CPI,cycle préparatoire intégré,cycle préparatoire intégré de l'Institut supérieur des biotechnologies de Paris,Sup'Biotech,2 ans,bac + 2,,0,non inscrit au RNCP,non renseigné,https://www.onisep.fr/http/redirection/formation/slug/FOR.10235,"sciences/biologie | matières premières, fabrication, industries/génie industriel | santé, social, sport/santé (généralités)",27/06/2024,29/11/2024
326,46032602,DU,diplôme d'université,DU développement et exploitation de parcs informatiques,DSP,1 an,bac + 1,37215,4,niveau 4,non renseigné,https://www.onisep.fr/http/redirection/formation/slug/FOR.8966,"informatique, Internet/informatique (généralités) | matières premières, fabrication, industries/maintenance, qualité | informatique, Internet/systèmes et réseaux",21/06/2023,08/01/2026
200,,CPC,cycle préparatoire commun,parcours des écoles d'ingénieurs Polytech - PeiP A - parcours généraliste,,2 ans,bac + 2,,0,non inscrit au RNCP,non renseigné,https://www.onisep.fr/http/redirection/formation/slug/FOR.12620,"matières premières, fabrication, industries/fonction production (généralités)",13/05/2026,01/06/2026
115,20511502,,licence,licence mention physique,,3 ans,bac + 3,38978,2,niveau 6,Ministère de l'Enseignement supérieur et de la Recherche,https://www.onisep.fr/http/redirection/formation/slug/FOR.10290,sciences/physique,16/07/2024,12/03/2026
250,13525007,,master,master mention mécanique,,2 ans,bac + 5,38682,1,niveau 7,Ministère de l'Enseignement supérieur et de la Recherche,https://www.onisep.fr/http/redirection/formation/slug/FOR.10038,mécanique/mécanique (généralités),02/05/2024,24/07/2025
310,,,diplôme d'école de commerce visé de niveau bac + 4 ou 5,diplôme en marketing,,2 ans,bac + 5,41225,1,niveau 7,Ministère de l'Enseignement supérieur et de la Recherche,https://www.onisep.fr/http/redirection/formation/slug/FOR.11738,"information-communication, audiovisuel/journalisme, édition, publicité | commerce, marketing, vente/marketing, vente",28/07/2025,12/05/2026
250 | 311 | 341,13525003,,master,"master mention transport, mobilités, réseaux",,2 ans,bac + 5,41262,1,niveau 7,Ministère de l'Enseignement supérieur et de la Recherche,https://www.onisep.fr/http/redirection/formation/slug/FOR.11884,"logistique, transport/transport",23/09/2025,23/09/2025
200,43020006,,baccalauréat technologique,bac techno STI2D sciences et technologies de l'industrie et du développement durable enseignement spécifique systèmes d'information et numérique,,1 an,bac ou équivalent,,4,niveau 4,Ministère chargé de l'Éducation nationale,https://www.onisep.fr/http/redirection/formation/slug/FOR.3317,"informatique, Internet/informatique (généralités) | informatique, Internet/systèmes et réseaux",06/06/2020,04/12/2025
123,,,master,master mention migrations,,2 ans,bac + 5,36848,1,niveau 7,Ministère de l'Enseignement supérieur et de la Recherche,https://www.onisep.fr/http/redirection/formation/slug/FOR.8100,"économie, droit, politique/droit (généralités) | histoire-géographie, psychologie, sociologie/sciences sociales",08/09/2022,15/02/2024
227,16X22708,mastère spé.,mastère spécialisé,mastère spé. expert en efficacité énergétique dans la rénovation des bâtiments (Mines Saint-Etienne - ENISE),,1 an,bac + 6,36710,1,niveau 7,non renseigné,https://www.onisep.fr/http/redirection/formation/slug/FOR.1919,"environnement, énergies, propreté/énergies | construction, architecture, travaux publics/équipement technique | matières premières, fabrication, industries/fonction production (généralités) | construction, architecture, travaux publics/génie civil, construction (généralités) | matières premières, fabrication, industries/génie industriel",06/06/2020,08/10/2025
122,13512241,,master,master mention sciences économiques et sociales,,2 ans,bac + 5,39001,1,niveau 7,Ministère de l'Enseignement supérieur et de la Recherche,https://www.onisep.fr/http/redirection/formation/slug/FOR.10299,"économie, droit, politique/sciences économiques | histoire-géographie, psychologie, sociologie/sciences humaines et sociales (généralités) | histoire-géographie, psychologie, sociologie/sciences sociales",16/07/2024,01/08/2024
312,26531206,,diplôme d'école de commerce visé de niveau bac + 4 ou 5,bachelor en sciences du management - diplôme d'études supérieures de management international (ESSEC),,4 ans,bac + 4,40810,2,niveau 6,Chambre de commerce et d'industrie,https://www.onisep.fr/http/redirection/formation/slug/FOR.11691,"gestion des entreprises, comptabilité/administration de l'entreprise | commerce, marketing, vente/commerce international | banque, assurances, immobilier/finances | commerce, marketing, vente/marketing, vente",21/07/2025,24/11/2025
331,46033105,,diplôme d'État du paramédical,diplôme d'État d'auxiliaire de puériculture,DEAP,1 an,bac ou équivalent,40743,4,niveau 4,Ministère des Solidarités et de la Santé,https://www.onisep.fr/http/redirection/formation/slug/FOR.7118,"santé, social, sport/paramédical",20/07/2021,03/12/2025
,,,bachelor en sciences et ingénierie,bachelor en sciences et ingénierie - informatique et intelligence artificielle,ISEN Yncr Ouest,3 ans,bac + 3,,2,niveau 6,Ministère de l'Enseignement supérieur et de la Recherche,https://www.onisep.fr/http/redirection/formation/slug/FOR.12365,"informatique, Internet/informatique (généralités)",23/01/2026,12/05/2026
,,CPI,cycle préparatoire intégré,cycle préparatoire intégré EFREI Paris - Prépa scientifique en anglais,EFREI,2 ans,bac + 2,,0,non inscrit au RNCP,non renseigné,https://www.onisep.fr/http/redirection/formation/slug/FOR.8866,"électricité, électronique, robotique/électronique | informatique, Internet/informatique (généralités) | sciences/mathématiques | information-communication, audiovisuel/multimédia | sciences/physique",25/05/2023,25/09/2025
233,50023324,CAP,certificat d'aptitude professionnelle,CAP monteur en installations sanitaires,MIS,2 ans,CAP ou équivalent,38305,5,niveau 3,Ministère chargé de l'Éducation nationale,https://www.onisep.fr/http/redirection/formation/slug/FOR.1534,"environnement, énergies, propreté/énergies | construction, architecture, travaux publics/équipement technique",06/06/2020,04/06/2026
311,13531113,,master,"master mention gestion de production, logistique, achats",GPLA,2 ans,bac + 5,42361,1,niveau 7,Ministère de l'Enseignement supérieur et de la Recherche,https://www.onisep.fr/http/redirection/formation/slug/FOR.12712,"commerce, marketing, vente/achat, approvisionnement | gestion des entreprises, comptabilité/administration de l'entreprise | matières premières, fabrication, industries/fabrication, productique | logistique, transport/logistique",12/06/2026,12/06/2026
200,13520025,,master,master mention génie industriel,,2 ans,bac + 5,38690,1,niveau 7,Ministère de l'Enseignement supérieur et de la Recherche,https://www.onisep.fr/http/redirection/formation/slug/FOR.10041,"matières premières, fabrication, industries/génie industriel",02/05/2024,15/05/2024
136,20513635,,licence,licence mention langues étrangères appliquées,LEA,3 ans,bac + 3,39173,2,niveau 6,Ministère de l'Enseignement supérieur et de la Recherche,https://www.onisep.fr/http/redirection/formation/slug/FOR.10343,"lettres, langues, enseignement/langues",19/07/2024,26/06/2026
100,,,baccalauréat international ou européen,bac français international,BFI,2 ans,bac ou équivalent,,4,niveau 4,non renseigné,https://www.onisep.fr/http/redirection/formation/slug/FOR.7763,"lettres, langues, enseignement/formations généralistes",15/06/2022,29/04/2024
312,16X31243,mastère spé.,mastère spécialisé,"mastère spé. marketing, design, création (Audencia - Centrale Nantes)",MDC,1 an,bac + 6,40641,1,niveau 7,non renseigné,https://www.onisep.fr/http/redirection/formation/slug/FOR.11499,"arts, culture, artisanat/arts graphiques | commerce, marketing, vente/marketing, vente",11/06/2025,11/06/2025
128,25012806,,licence professionnelle,licence pro mention activités juridiques : assistant juridique,,1 an,bac + 3,40292,2,niveau 6,Ministère de l'Enseignement supérieur et de la Recherche,https://www.onisep.fr/http/redirection/formation/slug/FOR.11217,"économie, droit, politique/droit (généralités) | gestion des entreprises, comptabilité/secrétariat",11/03/2025,17/10/2025
134,43013403,,baccalauréat technologique,bac techno STD2A sciences et technologies du design et des arts appliqués,,1 an,bac ou équivalent,,4,niveau 4,Ministère chargé de l'Éducation nationale,https://www.onisep.fr/http/redirection/formation/slug/FOR.2572,"arts, culture, artisanat/arts appliqués | arts, culture, artisanat/arts du spectacle | arts, culture, artisanat/arts graphiques | arts, culture, artisanat/arts plastiques",06/06/2020,03/06/2026
331,13533125,,master,master mention ingénierie de la santé,,2 ans,bac + 5,39433,1,niveau 7,Ministère de l'Enseignement supérieur et de la Recherche,https://www.onisep.fr/http/redirection/formation/slug/FOR.10371,"matières premières, fabrication, industries/génie industriel | santé, social, sport/santé (généralités)",23/07/2024,30/08/2024
230,,,diplôme des écoles d'architecture,double cursus architecte-ingénieur,,7 ans,bac + 5,,1,niveau 7,Ministère de la Culture et de la communication,https://www.onisep.fr/http/redirection/formation/slug/FOR.2871,"construction, architecture, travaux publics/architecture | construction, architecture, travaux publics/génie civil, construction (généralités)",06/06/2020,29/01/2026
250,40025012,,baccalauréat professionnel,bac pro maintenance des systèmes de production connectés,MSPC,3 ans,bac ou équivalent,42118,4,niveau 4,Ministère chargé de l'Éducation nationale,https://www.onisep.fr/http/redirection/formation/slug/FOR.6822,"mécanique/automatismes | matières premières, fabrication, industries/fonction production (généralités) | matières premières, fabrication, industries/maintenance, qualité | mécanique/mécanique (généralités)",21/01/2021,11/06/2026
,,MSc,Master of Science,MSc Data Analytics for Business,,2 ans,bac + 5,,0,non inscrit au RNCP,non renseigné,https://www.onisep.fr/http/redirection/formation/slug/FOR.7569,"gestion des entreprises, comptabilité/administration de l'entreprise | informatique, Internet/bases de données",14/03/2022,30/10/2024
310,1353103T,,master,"master mention innovation, entreprise et société",,2 ans,bac + 5,41077,1,niveau 7,Ministère de l'Enseignement supérieur et de la Recherche,https://www.onisep.fr/http/redirection/formation/slug/FOR.11881,"gestion des entreprises, comptabilité/administration de l'entreprise | matières premières, fabrication, industries/fonction production (généralités) | histoire-géographie, psychologie, sociologie/sciences humaines et sociales (généralités)",23/09/2025,23/09/2025
255,13525517,,master,"master mention électronique, énergie électrique, automatique",,2 ans,bac + 5,38687,1,niveau 7,Ministère de l'Enseignement supérieur et de la Recherche,https://www.onisep.fr/http/redirection/formation/slug/FOR.10045,"mécanique/automatismes | électricité, électronique, robotique/électronique | environnement, énergies, propreté/énergies",03/05/2024,26/06/2026
242,40024204,,baccalauréat professionnel,bac pro métiers de la couture et de la confection,MCC,3 ans,bac ou équivalent,38729,4,niveau 4,Ministère chargé de l'Éducation nationale,https://www.onisep.fr/http/redirection/formation/slug/FOR.9357,"matières premières, fabrication, industries/matériaux souples | matières premières, fabrication, industries/textile, habillement",22/11/2023,23/04/2026
230,16523001,,diplôme des écoles d'architecture,diplôme d'État d'architecte,DEA,2 ans,bac + 5,38342,1,niveau 7,Ministère de la Culture et de la communication,https://www.onisep.fr/http/redirection/formation/slug/FOR.3001,"construction, architecture, travaux publics/architecture",06/06/2020,28/10/2024
200,16X20002,mastère spé.,mastère spécialisé,mastère spé. manager de l'amélioration continue (CESI),,1 an,bac + 6,39093,1,niveau 7,non renseigné,https://www.onisep.fr/http/redirection/formation/slug/FOR.10936,"matières premières, fabrication, industries/fabrication, productique | matières premières, fabrication, industries/fonction production (généralités) | matières premières, fabrication, industries/maintenance, qualité | matières premières, fabrication, industries/méthodes industrialisation | armée, sécurité/sécurité, prévention",13/01/2025,07/02/2025
200,13520019,,master,master mention ingénierie nucléaire,,2 ans,bac + 5,38683,1,niveau 7,Ministère de l'Enseignement supérieur et de la Recherche,https://www.onisep.fr/http/redirection/formation/slug/FOR.10047,"environnement, énergies, propreté/énergies | matières premières, fabrication, industries/génie industriel | sciences/physique",03/05/2024,03/05/2024
310,43031016,,classe de 1re technologique,classe de 1re STMG sciences et technologies du management et de la gestion,STMG,1 an,1re,,0,non inscrit au RNCP,Ministère chargé de l'Éducation nationale,https://www.onisep.fr/http/redirection/formation/slug/FOR.3562,"gestion des entreprises, comptabilité/administration de l'entreprise",06/06/2020,29/05/2026
312 | 310 | 313,26031226,,diplôme d'école de commerce visé (bac + 3),diplôme en gestion et développement des entreprises,,3 ans,bac + 3,42090,2,niveau 6,Ministère de l'Enseignement supérieur et de la Recherche,https://www.onisep.fr/http/redirection/formation/slug/FOR.12516,"gestion des entreprises, comptabilité/administration de l'entreprise | commerce, marketing, vente/marketing, vente",06/03/2026,19/06/2026
252,40025224,,baccalauréat professionnel,bac pro maintenance des véhicules option véhicules légers,,3 ans,bac ou équivalent,40996,4,niveau 4,Ministère chargé de l'Éducation nationale,https://www.onisep.fr/http/redirection/formation/slug/FOR.11279,"mécanique/automobile | matières premières, fabrication, industries/maintenance, qualité | mécanique/mécanique (généralités)",03/04/2025,24/03/2026
311,,,formation d'école spécialisée,Master's Degree International Air Transport Operations Management,,2 ans,bac + 5,,0,non inscrit au RNCP,non renseigné,https://www.onisep.fr/http/redirection/formation/slug/FOR.1189,"logistique, transport/transport",06/06/2020,09/01/2026
330,50033002,CAP,certificat d'aptitude professionnelle,CAP agent accompagnant au grand âge,AAGA,2 ans,CAP ou équivalent,37669,5,niveau 3,Ministère chargé de l'Éducation nationale,https://www.onisep.fr/http/redirection/formation/slug/FOR.8720,"santé, social, sport/paramédical",22/03/2023,22/04/2026
312,,MSc,Master of Science,MSc Business Intelligence and Analytics,,1 an,bac + 5,,0,non inscrit au RNCP,non renseigné,https://www.onisep.fr/http/redirection/formation/slug/FOR.4131,"gestion des entreprises, comptabilité/administration de l'entreprise | information-communication, audiovisuel/bibliothèque, documentation | commerce, marketing, vente/marketing, vente",06/06/2020,30/10/2024
255,40025519,,baccalauréat professionnel,"bac pro cybersécurité, informatique et réseaux, électronique",CIEL,3 ans,bac ou équivalent,37489,4,niveau 4,Ministère chargé de l'Éducation nationale,https://www.onisep.fr/http/redirection/formation/slug/FOR.8727,"informatique, Internet/développement, programmation, logiciel | électricité, électronique, robotique/électronique | électricité, électronique, robotique/électrotechnique | informatique, Internet/informatique (généralités) | informatique, Internet/informatique industrielle et technologique | matières premières, fabrication, industries/maintenance, qualité | informatique, Internet/systèmes et réseaux | électricité, électronique, robotique/télécommunications",29/03/2023,26/06/2026
213 | 113 | 231,25021304,,licence professionnelle,licence pro mention métiers des ressources naturelles et de la forêt,,1 an,bac + 3,40461,2,niveau 6,Ministère de l'Enseignement supérieur et de la Recherche,https://www.onisep.fr/http/redirection/formation/slug/FOR.11350,"agriculture, animaux/forêt | commerce, marketing, vente/marketing, vente | environnement, énergies, propreté/protection des espaces naturels",24/04/2025,21/10/2025
331,43033104,,baccalauréat technologique,bac techno ST2S sciences et technologies de la santé et du social,,1 an,bac ou équivalent,,4,niveau 4,Ministère chargé de l'Éducation nationale,https://www.onisep.fr/http/redirection/formation/slug/FOR.2418,"santé, social, sport/paramédical | santé, social, sport/travail social",06/06/2020,03/06/2026
311,40031114,,baccalauréat professionnel,bac pro organisation de transport de marchandises,OTM,3 ans,bac ou équivalent,40993,4,niveau 4,Ministère chargé de l'Éducation nationale,https://www.onisep.fr/http/redirection/formation/slug/FOR.583,"logistique, transport/logistique | logistique, transport/transport",06/06/2020,09/06/2026
312,40031211,,classe de 2de professionnelle,classe de 2de professionnelle métiers de la relation client,MRC,1 an,seconde,,0,non inscrit au RNCP,Ministère chargé de l'Éducation nationale,https://www.onisep.fr/http/redirection/formation/slug/FOR.3378,"commerce, marketing, vente/marketing, vente",06/06/2020,26/03/2026
221,40022106,,baccalauréat professionnel,bac pro cuisine,,3 ans,bac ou équivalent,37910,4,niveau 4,Ministère chargé de l'Éducation nationale,https://www.onisep.fr/http/redirection/formation/slug/FOR.423,"hôtellerie-restauration, tourisme/restauration",06/06/2020,19/03/2026
344,50034405,CAP,certificat d'aptitude professionnelle,CAP agent de sécurité,,2 ans,CAP ou équivalent,38226,5,niveau 3,Ministère chargé de l'Éducation nationale,https://www.onisep.fr/http/redirection/formation/slug/FOR.847,"armée, sécurité/sécurité, prévention",06/06/2020,05/06/2026
100,,,classe de 1re générale,classe de 1re générale,,1 an,1re,,0,non inscrit au RNCP,Ministère chargé de l'Éducation nationale,https://www.onisep.fr/http/redirection/formation/slug/FOR.2255,"lettres, langues, enseignement/formations généralistes",06/06/2020,18/06/2026
,,CPI,cycle préparatoire intégré,premier cycle INSA de Toulouse - Sup'Enr partenaire INSA post bac général,Sup'Enr,2 ans,bac + 2,,0,non inscrit au RNCP,non renseigné,https://www.onisep.fr/http/redirection/formation/slug/FOR.10527,"environnement, énergies, propreté/énergies",19/09/2024,20/03/2026
,,CPI,cycle préparatoire intégré,cycle préparatoire intégré biologie de l'École de biologie industrielle,EBI,2 ans,bac + 2,,0,non inscrit au RNCP,non renseigné,https://www.onisep.fr/http/redirection/formation/slug/FOR.8124,sciences/biologie,15/09/2022,19/09/2025
326,,mastère spé.,mastère spécialisé,mastère spé. Data Science,,1 an,bac + 6,,0,non inscrit au RNCP,non renseigné,https://www.onisep.fr/http/redirection/formation/slug/FOR.2090,"informatique, Internet/bases de données | informatique, Internet/informatique (généralités) | information-communication, audiovisuel/technologies de l'information",06/06/2020,30/10/2024
200,,,formation d'école spécialisée,Master of Science in Management and Optimization of Supply Chain and Transport (pour étudiants internationaux),MOST,2 ans,bac + 5,,1,niveau 7,Ministère chargé de l'Éducation nationale,https://www.onisep.fr/http/redirection/formation/slug/FOR.3692,"gestion des entreprises, comptabilité/administration de l'entreprise | matières premières, fabrication, industries/génie industriel | logistique, transport/logistique | matières premières, fabrication, industries/méthodes industrialisation | logistique, transport/transport",06/06/2020,30/10/2024
312,26031220,,diplôme d'école de commerce visé (bac + 3),bachelor en management des services,,3 ans,bac + 3,41045,2,niveau 6,Ministère de l'Enseignement supérieur et de la Recherche,https://www.onisep.fr/http/redirection/formation/slug/FOR.11723,"gestion des entreprises, comptabilité/administration de l'entreprise | commerce, marketing, vente/grande distribution et petits commerces | hôtellerie-restauration, tourisme/hôtellerie | commerce, marketing, vente/marketing, vente | hôtellerie-restauration, tourisme/restauration",25/07/2025,12/05/2026
311,40031116,,baccalauréat professionnel,bac pro métiers de la logistique,,3 ans,bac ou équivalent,40687,4,niveau 4,Ministère chargé de l'Éducation nationale,https://www.onisep.fr/http/redirection/formation/slug/FOR.11099,"logistique, transport/logistique | logistique, transport/transport",07/02/2025,06/03/2026
