action_de_formation_af_identifiant_onisep,formation_for_libelle,for_url_et_id_onisep,for_indexation_domaine_web_onisep,for_type,for_nature_du_certificat,for_url_referentiel,for_niveau_de_sortie,lieu_denseignement_ens_libelle,ens_url_et_id_onisep,ens_code_uai,ens_statut,ens_adresse,ens_code_postal,ens_commune,ens_departement,ens_academie,ens_region,ens_latitude,ens_longitude,ens_n_telephone,ens_site_web,ens_hebergement,ens_accessibilite,af_duree_cycle_standard,af_modalites_scolarite,af_elements_denseignement,af_cout_scolarite,af_modalites_accueil,af_page_web,af_date_de_creation,af_date_de_modification
AF.69395,classe de 1re générale,https://www.onisep.fr/http/redirection/formation/slug/FOR.2255,"lettres, langues, enseignement/formations généralistes",classe de 1re générale,Diplôme national ou diplôme d'État,https://eduscol.education.fr/634/cycle-terminal-de-la-voie-generale,1re,Lycée privé polyvalent Saint-Joseph,https://www.onisep.fr/http/redirection/etablissement/slug/ENS.13362,0341523W,privé sous contrat,"11 avenue Marx Dormoy, BP 77",34202,Sète,Hérault,Montpellier,Occitanie,43.4035,3.69314,04 67 53 69 10,http://www.saintjoseph-sete.fr/,sans hébergement,Locaux accessibles,1 an,"temps plein, cours en présentiel",,,,,06/06/2020,06/06/2020
AF.53940,CAP accompagnant éducatif petite enfance,https://www.onisep.fr/http/redirection/formation/slug/FOR.6821,"santé, social, sport/travail social",CAP,Diplôme national ou diplôme d'État,https://eduscol.education.fr/referentiels-professionnels/CAP_AEPE.html,CAP ou équivalent,Lycée professionnel de Vue Belle,https://www.onisep.fr/http/redirection/etablissement/slug/ENS.1027,9740015Y,public,"Chemin Vue belle, BP 105",97422,Saint-Paul,La Réunion,La Réunion,La Réunion,-21.079258,55.271909,02 62 33 69 33,https://etab.ac-reunion.fr/lyc-vue-belle,internat (homme/femme),,2 ans,"temps plein, cours en présentiel",,,,,06/06/2020,06/06/2020
AF.30863,classe de 2de générale et technologique,https://www.onisep.fr/http/redirection/formation/slug/FOR.1152,"lettres, langues, enseignement/formations généralistes",classe de 2de générale et technologique,Diplôme national ou diplôme d'État,https://eduscol.education.fr/633/seconde-generale-et-technologique,seconde,Lycée des Flandres,https://www.onisep.fr/http/redirection/etablissement/slug/ENS.4441,0590101P,public,"2 avenue des Flandres, BP 69",59522,Hazebrouck,Nord,Lille,Hauts-de-France,50.7289,2.53232,03 28 43 76 76,https://lgt-des-flandres-hazebrouck.59.ac-lille.fr/,internat (homme/femme),,1 an,"temps plein, cours en présentiel",,,,,06/06/2020,06/06/2020
AF.135818,classe de 2de professionnelle métiers de la relation client,https://www.onisep.fr/http/redirection/formation/slug/FOR.3378,"commerce, marketing, vente/marketing, vente",classe de 2de professionnelle,Diplôme national ou diplôme d'État,https://eduscol.education.fr/document/1902/download,seconde,Lycée polyvalent Élie Castor,https://www.onisep.fr/http/redirection/etablissement/slug/ENS.9172,9730308X,public,"1 allée boulevard Bellony, BP 803",97388,Kourou,Guyane,Guyane,Guyane,5.1553588,-52.648001241511,0594 22 36 94,http://lp-elie-castor.eta.ac-guyane.fr,internat (homme/femme),,1 an,"temps plein, cours en présentiel",,,,,14/02/2025,14/02/2025
AF.10482,"classe de 2de professionnelle métiers de la gestion administrative, du transport et de la logistique",https://www.onisep.fr/http/redirection/formation/slug/FOR.4412,"gestion des entreprises, comptabilité/administration de l'entreprise| logistique, transport/logistique| gestion des entreprises, comptabilité/secrétariat| logistique, transport/transport",classe de 2de professionnelle,Diplôme national ou diplôme d'État,https://eduscol.education.gouv.fr/sites/default/files/document/vademecum-famille-des-metiers-de-la-gestion-administrative-du-transport-et-de-la-logistique-68013.pdf,seconde,Lycée professionnel Louis Lumière,https://www.onisep.fr/http/redirection/etablissement/slug/ENS.1769,0771171E,public,"4 rue Louis Lumière, BP 80",77504,Chelles,Seine-et-Marne,Créteil,Ile-de-France,48.8796,2.61228,01 60 93 12 10,http://www.lyceelouislumiere.fr,sans hébergement,,1 an,"temps plein, cours en présentiel",,,,,06/06/2020,06/06/2020
AF.40305,"classe de 2de professionnelle métiers de la gestion administrative, du transport et de la logistique",https://www.onisep.fr/http/redirection/formation/slug/FOR.4412,"gestion des entreprises, comptabilité/administration de l'entreprise| logistique, transport/logistique| gestion des entreprises, comptabilité/secrétariat| logistique, transport/transport",classe de 2de professionnelle,Diplôme national ou diplôme d'État,https://eduscol.education.gouv.fr/sites/default/files/document/vademecum-famille-des-metiers-de-la-gestion-administrative-du-transport-et-de-la-logistique-68013.pdf,seconde,Lycée professionnel Pierre Doriole,https://www.onisep.fr/http/redirection/etablissement/slug/ENS.2721,0170031S,public,"221 rue de Périgny, BP 90043",17078,La Rochelle,Charente-Maritime,Poitiers,Nouvelle-Aquitaine,46.162623039386,-1.1258196203423,05 46 27 00 51,https://lycee-doriole.fr,internat (homme/femme),Locaux accessibles,1 an,"temps plein, cours en présentiel",,,,,06/06/2020,06/06/2020
AF.76216,bac techno ST2S sciences et technologies de la santé et du social,https://www.onisep.fr/http/redirection/formation/slug/FOR.2418,"santé, social, sport/paramédical| santé, social, sport/travail social",baccalauréat technologique,Diplôme national ou diplôme d'État,https://eduscol.education.fr/641/horaires-de-la-serie-sciences-et-technologies-de-la-sante-et-du-social-st2s,bac ou équivalent,Lycée Les 7 Mares,https://www.onisep.fr/http/redirection/etablissement/slug/ENS.6089,0780515L,public,"13 rue de la Beauce, BP 50207",78310,Maurepas,Yvelines,Versailles,Ile-de-France,48.7676,1.94522,01 30 13 98 98,https://lyc-7mares-maurepas.ac-versailles.fr/,sans hébergement,,1 an,"temps plein, cours en présentiel",,,,,06/06/2020,06/06/2020
AF.95911,classe de 2de professionnelle métiers de la maintenance des matériels et des véhicules,https://www.onisep.fr/http/redirection/formation/slug/FOR.6813,"mécanique/automobile| matières premières, fabrication, industries/maintenance, qualité",classe de 2de professionnelle,Diplôme national ou diplôme d'État,https://sti.eduscol.education.fr/sti/sites/eduscol.education.fr.sti/files/textes/bac-pro/seconde-professionnelle-metiers-de-la-maintenance-des-materiels-et-des-vehicules-mmv/17076-13289-vademecum-fm-mmv.pdf,seconde,Lycée polyvalent Jean Baylet,https://www.onisep.fr/http/redirection/etablissement/slug/ENS.18112,0820899G,public,"20 avenue du Maréchal Leclerc de Hauteclocque, BP 74",82403,Valence d'Agen,Tarn-et-Garonne,Toulouse,Occitanie,44.1136,0.896525,05 63 29 68 30,https://jean-baylet.mon-ent-occitanie.fr,internat (homme/femme),,1 an,"temps plein, cours en présentiel",,,,,18/02/2021,18/02/2021
AF.40952,classe de 1re générale,https://www.onisep.fr/http/redirection/formation/slug/FOR.2255,"lettres, langues, enseignement/formations généralistes",classe de 1re générale,Diplôme national ou diplôme d'État,https://eduscol.education.fr/634/cycle-terminal-de-la-voie-generale,1re,Lycée de la Nature et du Vivant de Somme Vesle,https://www.onisep.fr/http/redirection/etablissement/slug/ENS.2061,0511196Y,public,Route départementale 3,51460,Somme-Vesle,Marne,Reims,Grand Est,49.0115,4.58683,03 26 68 66 00,https://eplefpachalonsenchampagne.fr/le-lycee,internat (homme/femme),,1 an,"temps plein, cours en présentiel",,,,,06/06/2020,06/06/2020
AF.9539,bac techno STMG sciences et technologies du management et de la gestion enseignement spécifique ressources humaines et communication,https://www.onisep.fr/http/redirection/formation/slug/FOR.3147,"gestion des entreprises, comptabilité/ressources humaines",baccalauréat technologique,Diplôme national ou diplôme d'État,https://eduscol.education.fr/646/horaires-de-la-serie-sciences-et-technologies-du-management-et-de-la-gestion-stmg,bac ou équivalent,Lycée Charles Despiau,https://www.onisep.fr/http/redirection/etablissement/slug/ENS.5127,0400018C,public,"637 avenue du Houga, BP 30273",40005,Mont-de-Marsan,Landes,Bordeaux,Nouvelle-Aquitaine,43.8822,-0.486765,05 58 05 82 82,https://www.lyceedespiau.fr,internat (homme/femme),Locaux accessibles : accessibilité totale pour handicap moteur,1 an,"temps plein, cours en présentiel",,,,,06/06/2020,06/06/2020
AF.52003,classe de 1re générale,https://www.onisep.fr/http/redirection/formation/slug/FOR.2255,"lettres, langues, enseignement/formations généralistes",classe de 1re générale,Diplôme national ou diplôme d'État,https://eduscol.education.fr/634/cycle-terminal-de-la-voie-generale,1re,Lycée Tristan Corbière,https://www.onisep.fr/http/redirection/etablissement/slug/ENS.10101,0290051Y,public,"16 rue de Kerveguen, BP 17149",29671,Morlaix,Finistère,Rennes,Bretagne,48.56903485,-3.8211320065153,02 98 88 62 77,http://www.lyceetristancorbiere.fr,internat (homme/femme),,1 an,"temps plein, cours en présentiel",,,,,06/06/2020,13/05/2026
AF.31008,diplôme d'État de technicien de l'intervention sociale et familiale,https://www.onisep.fr/http/redirection/formation/slug/FOR.11003,"santé, social, sport/travail social",diplôme d'État du travail social,Diplôme national ou diplôme d'État,https://www.francecompetences.fr/recherche/rncp/39680/,bac ou équivalent,Institut régional du travail social Normandie-Caen,https://www.onisep.fr/http/redirection/etablissement/slug/ENS.3688,0142081L,privé,"2 rue du campus, BP 10116",14204,Hérouville-Saint-Clair,Calvados,Normandie,Normandie,49.2031,-0.347489,02 31 54 42 00,http://www.irtsnormandiecaen.fr/,sans hébergement,"Locaux accessibles : accessibilité totale pour handicap moteur, ascenseur",2 ans,"temps plein, cours en présentiel",,780 euros en 2026 (390 euros par an),,https://www.irtsnormandiecaen.fr/formations/technicien-de-lintervention-sociale-et-familiale-tisf/#inscription,06/06/2020,08/12/2025
AF.61764,CAP monteur en installations sanitaires,https://www.onisep.fr/http/redirection/formation/slug/FOR.1534,"environnement, énergies, propreté/énergies| construction, architecture, travaux publics/équipement technique",CAP,Diplôme national ou diplôme d'État,http://eduscol.education.fr/referentiels-professionnels/cap_mis.html,CAP ou équivalent,Lycée privé la Châtaigneraie,https://www.onisep.fr/http/redirection/etablissement/slug/ENS.3285,0761343X,privé sous contrat,2 rue Charles Schérer,76240,Le Mesnil-Esnard,Seine-Maritime,Normandie,Normandie,49.4145,1.14711,02 32 86 53 00,http://www.la-chataigneraie.org/,"internat (homme/femme - pour le secondaire : 88 places garçons et 7 places filles. Sinon pour les garçons en BTS, dans la mesure des places disponibles)",Locaux accessibles,1 an,"temps plein, cours en présentiel",,,,,06/06/2020,18/09/2024
AF.45865,bac pro métiers de la couture et de la confection,https://www.onisep.fr/http/redirection/formation/slug/FOR.9357,"matières premières, fabrication, industries/matériaux souples| matières premières, fabrication, industries/textile, habillement",baccalauréat professionnel,Diplôme national ou diplôme d'État,https://eduscol.education.fr/referentiels-professionnels/Bac_Pro_MCC.html,bac ou équivalent,Lycée professionnel Germain Sommeiller,https://www.onisep.fr/http/redirection/etablissement/slug/ENS.2870,0740054G,public,4 bis boulevard Taine,74000,Annecy,Haute-Savoie,Grenoble,Auvergne-Rhône-Alpes,45.9066,6.12994,04 50 33 90 00,https://germain-sommeiller.ent.auvergnerhonealpes.fr/,internat (homme/femme),,3 ans,"temps plein, cours en présentiel",,,,,06/06/2020,03/02/2025
AF.74123,bac pro métiers de l'accueil,https://www.onisep.fr/http/redirection/formation/slug/FOR.1354,"gestion des entreprises, comptabilité/administration de l'entreprise| commerce, marketing, vente/marketing, vente| gestion des entreprises, comptabilité/secrétariat",baccalauréat professionnel,Diplôme national ou diplôme d'État,https://referentiels-professionnels.eduscol.education.fr/BacPro_MetAc/Annexes_BacPro_MetAc.pdf,bac ou équivalent,Lycée polyvalent Martin Nadaud,https://www.onisep.fr/http/redirection/etablissement/slug/ENS.15683,0754530S,public,23 rue de la Bidassoa,75020,Paris,Paris,Paris,Ile-de-France,48.8662,2.39357,01 40 33 80 50,http://lyc-martin-nadaud.ac-paris.fr,sans hébergement,,2 ans,"temps plein, cours en présentiel",,,,,06/06/2020,06/06/2020
AF.116147,bac pro pilote de ligne de production,https://www.onisep.fr/http/redirection/formation/slug/FOR.4149,"mécanique/automatismes| environnement, énergies, propreté/énergies| matières premières, fabrication, industries/fabrication, productique| matières premières, fabrication, industries/fonction production (généralités)| matières premières, fabrication, industries/matériaux| matières premières, fabrication, industries/méthodes industrialisation",baccalauréat professionnel,Diplôme national ou diplôme d'État,http://eduscol.education.fr/referentiels-professionnels/index3a4a.html,bac ou équivalent,Lycée polyvalent Raoul Vadepied,https://www.onisep.fr/http/redirection/etablissement/slug/ENS.5233,0530949U,public,5 boulevard Henri Rossignol,53600,Evron,Mayenne,Nantes,Pays de la Loire,48.151781861257,-0.39818108070904,02 43 01 62 44,http://lyc-vadepied.paysdelaloire.e-lyco.fr,internat (homme/femme - y compris pour les étudiants de BTS en apprentissage),Locaux accessibles,2 ans,"temps plein, cours en présentiel",,,,,05/01/2023,17/02/2026
AF.34248,bac pro esthétique cosmétique parfumerie,https://www.onisep.fr/http/redirection/formation/slug/FOR.7608,"santé, social, sport/esthétique| commerce, marketing, vente/grande distribution et petits commerces",baccalauréat professionnel,Diplôme national ou diplôme d'État,https://eduscol.education.fr/referentiels-professionnels/bac_pro_ECP.html,bac ou équivalent,Lycée Albert Camus,https://www.onisep.fr/http/redirection/etablissement/slug/ENS.10104,0831440P,public,560 rue Henri Giraud,83600,Fréjus,Var,Nice,Provence-Alpes-Côte d'Azur,43.4437,6.75392,04 94 19 52 60,https://www.lyc-albert-camus.ac-nice.fr/,sans hébergement,,2 ans,"temps plein, cours en présentiel",,,,,06/06/2020,08/02/2024
AF.59397,classe de 1re STMG sciences et technologies du management et de la gestion,https://www.onisep.fr/http/redirection/formation/slug/FOR.3562,"gestion des entreprises, comptabilité/administration de l'entreprise",classe de 1re technologique,Diplôme national ou diplôme d'État,https://eduscol.education.fr/646/horaires-de-la-serie-sciences-et-technologies-du-management-et-de-la-gestion-stmg,1re,Lycée général et technologique Camille Claudel,https://www.onisep.fr/http/redirection/etablissement/slug/ENS.13050,0711137A,public,"Route de Roanne, BP 56",71160,Digoin,Saône-et-Loire,Dijon,Bourgogne-Franche-Comté,46.4758,3.99276,03 85 53 61 00,https://www.cite-scolairedigoin.com/,internat (homme/femme - hébergement pour les élèves de BTS),,1 an,"temps plein, cours en présentiel",,,,,06/06/2020,06/06/2020
AF.4350,classe de 2de professionnelle métiers de la relation client,https://www.onisep.fr/http/redirection/formation/slug/FOR.3378,"commerce, marketing, vente/marketing, vente",classe de 2de professionnelle,Diplôme national ou diplôme d'État,https://eduscol.education.fr/document/1902/download,seconde,Lycée polyvalent Pierre-Gilles de Gennes,https://www.onisep.fr/http/redirection/etablissement/slug/ENS.8735,0580014A,public,"4 rue du Colonel Rabier, Site général et technologique, BP 144",58206,Cosne-Cours-sur-Loire,Nièvre,Dijon,Bourgogne-Franche-Comté,47.401,2.92861,03 86 28 23 45,https://lyc-pgdegennes-cosne-cours-sur-loire.eclat-bfc.fr/,internat (homme/femme - sur le site professionnel. Pour tous les élèves de l'établissement),,1 an,"temps plein, cours en présentiel",,,,,06/06/2020,06/06/2020
AF.36215,diplôme d'État d'accompagnant éducatif et social,https://www.onisep.fr/http/redirection/formation/slug/FOR.7112,"santé, social, sport/paramédical| santé, social, sport/travail social",diplôme d'État du travail social,Diplôme national ou diplôme d'État,https://www.francecompetences.fr/recherche/rncp/36004/,CAP ou équivalent,Institut régional du travail social Parmentier - site de Paris,https://www.onisep.fr/http/redirection/etablissement/slug/ENS.14302,0754696X,privé,"145 avenue Parmentier, Etablissement de Paris",75010,Paris,Paris,Paris,Ile-de-France,48.870844,2.370404,01 73 79 51 00,https://www.irtsparmentier.fr,sans hébergement,Locaux accessibles,2 ans,"temps plein, cours en présentiel",,0 euros en 2026,,https://www.irtsparmentier.fr/diplome/accompagnant-educatif-et-social,06/06/2020,22/04/2026
AF.17750,classe de 1re générale,https://www.onisep.fr/http/redirection/formation/slug/FOR.2255,"lettres, langues, enseignement/formations généralistes",classe de 1re générale,Diplôme national ou diplôme d'État,https://eduscol.education.fr/634/cycle-terminal-de-la-voie-generale,1re,Lycée Gambetta Carnot,https://www.onisep.fr/http/redirection/etablissement/slug/ENS.6413,0624430D,public,"25 boulevard Carnot, BP 40919",62022,Arras,Pas-de-Calais,Lille,Hauts-de-France,50.2885,2.77683,03 21 21 34 80,http://lycee.gambetta.arras.free.fr,internat (homme/femme),,1 an,"temps plein, cours en présentiel",,,,,06/06/2020,15/02/2023
AF.13390,CAP maintenance des véhicules option motocycles,https://www.onisep.fr/http/redirection/formation/slug/FOR.11285,"mécanique/automobile| mécanique/cycle, moto| matières premières, fabrication, industries/maintenance, qualité| mécanique/mécanique (généralités)",CAP,Diplôme national ou diplôme d'État,https://referentiels-professionnels.eduscol.education.fr/CAP_MDV.html,CAP ou équivalent,Lycée professionnel Jean Marie Michotte,https://www.onisep.fr/http/redirection/etablissement/slug/ENS.10461,9730094P,public,"Boulevard de la République, BP 5018",97305,Cayenne,Guyane,Guyane,Guyane,4.9372279,-52.3256076,0594 28 11 11,http://lp-jean-marie-michotte.eta.ac-guyane.fr,sans hébergement,,2 ans,"temps plein, cours en présentiel",,,,,06/06/2020,06/06/2020
AF.49221,bac techno STL sciences et technologies de laboratoire enseignement spécifique sciences physiques et chimiques en laboratoire,https://www.onisep.fr/http/redirection/formation/slug/FOR.3285,sciences/chimie| sciences/physique,baccalauréat technologique,Diplôme national ou diplôme d'État,https://eduscol.education.fr/643/horaires-de-la-sciences-et-technologies-de-laboratoire-stl,bac ou équivalent,Lycée Saint-François d'Assise,https://www.onisep.fr/http/redirection/etablissement/slug/ENS.2406,0851642Y,privé sous contrat,"11 rond-point Charles Sorin, CS 40299",85000,La Roche-sur-Yon,Vendée,Nantes,Pays de la Loire,46.6729,-1.42616,02 51 37 04 48,https://www.stfrancoislaroche.fr/,internat (homme/femme),Locaux accessibles,1 an,"temps plein, cours en présentiel",,,,,06/06/2020,06/06/2020
AF.13990,CAP esthétique cosmétique parfumerie,https://www.onisep.fr/http/redirection/formation/slug/FOR.872,"santé, social, sport/esthétique| commerce, marketing, vente/marketing, vente",CAP,Diplôme national ou diplôme d'État,http://eduscol.education.fr/referentiels-professionnels/CAP_ecp/Annexes_CAP_ecp.pdf,CAP ou équivalent,École technique privée Esthétique,https://www.onisep.fr/http/redirection/etablissement/slug/ENS.14655,0110981G,privé hors contrat,11 avenue du Général Leclerc,11100,Narbonne,Aude,Montpellier,Occitanie,43.1822,3.00745,04 68 41 39 75,https://ecole-esthetique-11.com,sans hébergement,Locaux accessibles,2 ans,"temps plein, cours en présentiel",,"7500 euros en 2026 (3850 euros en 1re année, 3650 en 2e année y compris les frais de matériel. gratuit en apprentissage)",,,06/06/2020,26/05/2026
AF.83553,bac techno STI2D sciences et technologies de l'industrie et du développement durable enseignement spécifique systèmes d'information et numérique,https://www.onisep.fr/http/redirection/formation/slug/FOR.3317,"informatique, Internet/informatique (généralités)| informatique, Internet/systèmes et réseaux",baccalauréat technologique,Diplôme national ou diplôme d'État,https://eduscol.education.fr/645/horaires-de-la-serie-sciences-et-technologies-de-l-industrie-et-du-developpement-durable-sti2d,bac ou équivalent,Lycée polyvalent privé La Salle Saint-Denis,https://www.onisep.fr/http/redirection/etablissement/slug/ENS.15152,0931797Y,privé sous contrat,6-8 place de la Résistance,93200,Saint-Denis,Seine-Saint-Denis,Créteil,Ile-de-France,48.9328,2.35503,01 55 87 45 00,https://www.lasallesaintdenis.com,sans hébergement,,1 an,"temps plein, cours en présentiel",,,,,06/06/2020,06/06/2020
AF.72531,classe de 1re STAV sciences et technologies de l'agronomie et du vivant,https://www.onisep.fr/http/redirection/formation/slug/FOR.322,"agriculture, animaux/agriculture (généralités)| matières premières, fabrication, industries/agroalimentaire",classe de 1re technologique,Diplôme national ou diplôme d'État,http://chlorofil.fr/diplomes/secondaire/bac-techno,1re,Lycée agricole privé,https://www.onisep.fr/http/redirection/etablissement/slug/ENS.11800,0271382F,privé sous contrat,1711 route de Lisieux,27500,Tourville-sur-Pont-Audemer,Eure,Normandie,Normandie,49.3434533,0.513856,02 32 41 11 15,http://lycee-agricole-prive-tourville.fr,"internat (homme/femme - pour le secondaire, ou pour les BTSA dans la mesure des places disponibles)",,1 an,"temps plein, cours en présentiel",,,,,06/06/2020,06/06/2020
AF.72769,bac pro organisation de transport de marchandises,https://www.onisep.fr/http/redirection/formation/slug/FOR.583,"logistique, transport/logistique| logistique, transport/transport",baccalauréat professionnel,Diplôme national ou diplôme d'État,https://referentiels-professionnels.eduscol.education.fr/bac_pro_OTM.html,bac ou équivalent,Lycée professionnel Saint-Exupéry,https://www.onisep.fr/http/redirection/etablissement/slug/ENS.8465,0870058R,public,"Route du Palais, BP41508",87036,Limoges,Haute-Vienne,Limoges,Nouvelle-Aquitaine,45.8517,1.30321,05 55 33 18 28,http://www.lyc-st-exupery-limoges.ac-limoges.fr,internat (homme/femme),,2 ans,"temps plein, cours en présentiel",,,,,06/06/2020,25/04/2025
AF.95757,classe de 2de professionnelle métiers de la maintenance des matériels et des véhicules,https://www.onisep.fr/http/redirection/formation/slug/FOR.6813,"mécanique/automobile| matières premières, fabrication, industries/maintenance, qualité",classe de 2de professionnelle,Diplôme national ou diplôme d'État,https://sti.eduscol.education.fr/sti/sites/eduscol.education.fr.sti/files/textes/bac-pro/seconde-professionnelle-metiers-de-la-maintenance-des-materiels-et-des-vehicules-mmv/17076-13289-vademecum-fm-mmv.pdf,seconde,Lycée polyvalent Camille Claudel,https://www.onisep.fr/http/redirection/etablissement/slug/ENS.4444,0590083V,public,"1 rue Paul Lafargue, Cité scolaire, BP 70082",59613,Fourmies,Nord,Lille,Hauts-de-France,50.010903831426,4.0422713756561,03 27 56 42 00,https://cite-camille-claudel-fourmies.59.ac-lille.fr/,internat (homme/femme),"Locaux accessibles : ascenseur, bâtiment en rez de chaussée, rampe d'accès",1 an,"temps plein, cours en présentiel",,,,,18/02/2021,19/09/2023
AF.16279,CAP agent de sécurité,https://www.onisep.fr/http/redirection/formation/slug/FOR.847,"armée, sécurité/sécurité, prévention",CAP,Diplôme national ou diplôme d'État,http://eduscol.education.fr/referentiels-professionnels/b259.html,CAP ou équivalent,Lycée professionnel Amiral Lacaze,https://www.onisep.fr/http/redirection/etablissement/slug/ENS.4976,9740479C,public,"1 avenue Stanislas Gimart, BP 192",97493,Saint-Denis,La Réunion,La Réunion,La Réunion,-20.893081,55.4753346,02 62 28 37 75,https://etab.ac-reunion.fr/lyc-amiral-lacaze,hébergement organisé hors établissement (homme/femme - au lycée polyvalent Georges Brassens),,2 ans,"temps plein, cours en présentiel",,,,,06/06/2020,06/06/2020
AF.65077,classe de 1re STHR sciences et technologies de l'hôtellerie et de la restauration,https://www.onisep.fr/http/redirection/formation/slug/FOR.714,"hôtellerie-restauration, tourisme/hôtellerie| hôtellerie-restauration, tourisme/restauration",classe de 1re technologique,Diplôme national ou diplôme d'État,https://eduscol.education.fr/651/horaires-de-la-serie-sciences-et-technologies-de-l-hotellerie-et-de-la-restauration-sthr,1re,Lycée polyvalent hôtelier Lesdiguières,https://www.onisep.fr/http/redirection/etablissement/slug/ENS.12027,0380035G,public,"15 avenue Beaumarchais, BP 2446",38034,Grenoble,Isère,Grenoble,Auvergne-Rhône-Alpes,45.1677,5.70935,04 76 21 38 54,https://lesdiguieres.fr,internat (homme/femme - sauf classes post-bac),Locaux accessibles,1 an,"temps plein, cours en présentiel",,,,,06/06/2020,06/06/2020
AF.82990,bac techno STI2D sciences et technologies de l'industrie et du développement durable enseignement spécifique innovation technologique et éco-conception,https://www.onisep.fr/http/redirection/formation/slug/FOR.3284,"matières premières, fabrication, industries/fonction production (généralités)",baccalauréat technologique,Diplôme national ou diplôme d'État,https://eduscol.education.fr/645/horaires-de-la-serie-sciences-et-technologies-de-l-industrie-et-du-developpement-durable-sti2d,bac ou équivalent,Lycée Gaspard Monge,https://www.onisep.fr/http/redirection/etablissement/slug/ENS.3409,0912142J,public,4 rue de Viry,91600,Savigny-sur-Orge,Essonne,Versailles,Ile-de-France,48.6768,2.35828,01 69 05 47 43,https://lyc-monge-savigny.ac-versailles.fr/,sans hébergement,,1 an,"temps plein, cours en présentiel",,,,,06/06/2020,06/06/2020
AF.26957,diplôme d'État d'auxiliaire de puériculture,https://www.onisep.fr/http/redirection/formation/slug/FOR.7118,"santé, social, sport/paramédical",diplôme d'État du paramédical,Diplôme national ou diplôme d'État,https://www.francecompetences.fr/recherche/rncp/40743/,bac ou équivalent,Croix-Rouge Compétence - site de Rennes,https://www.onisep.fr/http/redirection/etablissement/slug/ENS.5751,0352089F,privé,10 rue André et Yvonne Meynier,35000,Rennes,Ille-et-Vilaine,Rennes,Bretagne,48.1095,-1.69164,02 98 05 22 40,https://competence.croix-rouge.fr/region/bretagne/,sans hébergement,Locaux accessibles,1 an,"temps plein, cours en présentiel",,0 euros en 2025 (pour les étudiants éligibles à la prise en charge du Conseil régional),,https://competence.croix-rouge.fr/formation/auxiliaire-de-puericulture-rennes/,06/06/2020,08/07/2025
AF.28241,préparation à l'entrée dans les formations sociales (niveau CAP à bac),https://www.onisep.fr/http/redirection/formation/slug/FOR.3754,"santé, social, sport/travail social",formation d'école spécialisée,Certificat délivré par l'école,,CAP ou équivalent + 1 an,Institut régional sport et santé - site d'Angers,https://www.onisep.fr/http/redirection/etablissement/slug/ENS.24505,0492470U,privé,9 avenue Besnardière,49100,Angers,Maine-et-Loire,Nantes,Pays de la Loire,47.4791964,-0.5446259,02 52 35 20 30,https://www.irss.fr/nos-ecoles/irss-angers/,sans hébergement,Locaux accessibles,1 an,"temps plein, cours en présentiel",moniteur-éducateur,2580 euros en 2025,,,06/06/2020,24/02/2025
AF.33088,classe de 1re STMG sciences et technologies du management et de la gestion,https://www.onisep.fr/http/redirection/formation/slug/FOR.3562,"gestion des entreprises, comptabilité/administration de l'entreprise",classe de 1re technologique,Diplôme national ou diplôme d'État,https://eduscol.education.fr/646/horaires-de-la-serie-sciences-et-technologies-du-management-et-de-la-gestion-stmg,1re,Lycée général privé Fénelon,https://www.onisep.fr/http/redirection/etablissement/slug/ENS.10054,0931799A,privé sous contrat,1 rue de Montauban,93410,Vaujours,Seine-Saint-Denis,Créteil,Ile-de-France,48.9307,2.57004,01 49 63 62 00,http://www.fenelon.fr,internat (homme/femme - de la 4e à la terminale),,1 an,"temps plein, cours en présentiel",,,,,06/06/2020,06/06/2020
AF.45917,bac pro organisation et réalisation du gros oeuvre,https://www.onisep.fr/http/redirection/formation/slug/FOR.12443,"construction, architecture, travaux publics/génie civil, construction (généralités)| construction, architecture, travaux publics/maçonnerie, béton armé",baccalauréat professionnel,Diplôme national ou diplôme d'État,https://referentiels-professionnels.eduscol.education.fr/bac_pro_ORGO.html,bac ou équivalent,Lycée professionnel Domaine d'Eguilles,https://www.onisep.fr/http/redirection/etablissement/slug/ENS.13893,0840039L,public,"840 avenue d'Eguilles, Domaine d'Eguilles, BP 70039",84271,Vedène,Vaucluse,Aix-Marseille,Provence-Alpes-Côte d'Azur,43.9843,4.89968,04 90 31 07 15,http://www.domaine-eguilles.fr,internat (homme/femme),,2 ans,"temps plein, cours en présentiel",,,,,06/06/2020,06/06/2020
AF.59391,classe de 2de spécifique conduisant au bac STHR Sciences et technologies de l'hôtellerie et de la restauration,https://www.onisep.fr/http/redirection/formation/slug/FOR.5432,"hôtellerie-restauration, tourisme/hôtellerie| hôtellerie-restauration, tourisme/restauration",classe de 2de spécifique,Diplôme national ou diplôme d'État,https://eduscol.education.fr/651/horaires-de-la-serie-sciences-et-technologies-de-l-hotellerie-et-de-la-restauration-sthr,seconde,Lycée polyvalent hôtelier,https://www.onisep.fr/http/redirection/etablissement/slug/ENS.7953,0622807P,public,"Avenue du Château, BP 53",62520,Le Touquet-Paris-Plage,Pas-de-Calais,Lille,Hauts-de-France,50.5177,1.59598,03 21 05 04 00,https://www.lyceehotelierdutouquet.fr/,internat (homme/femme),Locaux accessibles : ascenseur,1 an,"temps plein, cours en présentiel",,,,,06/06/2020,06/06/2020
AF.62646,bac pro métiers du froid et des énergies renouvelables,https://www.onisep.fr/http/redirection/formation/slug/FOR.6865,"environnement, énergies, propreté/énergies",baccalauréat professionnel,Diplôme national ou diplôme d'État,https://referentiels-professionnels.eduscol.education.fr/bac_pro_MFER.html,bac ou équivalent,Lycée polyvalent Cantau,https://www.onisep.fr/http/redirection/etablissement/slug/ENS.12216,0640001D,public,1 allée de Cantau,64600,Anglet,Pyrénées-Atlantiques,Bordeaux,Nouvelle-Aquitaine,43.4758,-1.51219,05 59 58 06 06,https://www.lycee-cantau.fr,internat (homme/femme - sections de lycée prioritaires),Locaux accessibles : accessibilité totale pour handicap moteur,2 ans,"temps plein, cours en présentiel",,,,,06/06/2020,25/04/2025
AF.27299,classe de 2de professionnelle métiers de l'hôtellerie-restauration,https://www.onisep.fr/http/redirection/formation/slug/FOR.2627,"hôtellerie-restauration, tourisme/hôtellerie| hôtellerie-restauration, tourisme/restauration",classe de 2de professionnelle,Diplôme national ou diplôme d'État,https://eduscol.education.gouv.fr/sites/default/files/document/vademecum-famille-des-metiers-de-l-hotellerie-restauration-68031.pdf,seconde,Lycée polyvalent Édouard Branly,https://www.onisep.fr/http/redirection/etablissement/slug/ENS.3241,0850028U,public,"5 boulevard Édouard Branly, BP 259",85006,La Roche-sur-Yon,Vendée,Nantes,Pays de la Loire,46.6741,-1.44238,02 51 24 06 06,http://branly.e-lyco.fr/,internat (homme/femme),Locaux accessibles,1 an,"temps plein, cours en présentiel",,,,,06/06/2020,06/06/2020
AF.88918,bac techno STI2D sciences et technologies de l'industrie et du développement durable enseignement spécifique systèmes d'information et numérique,https://www.onisep.fr/http/redirection/formation/slug/FOR.3317,"informatique, Internet/informatique (généralités)| informatique, Internet/systèmes et réseaux",baccalauréat technologique,Diplôme national ou diplôme d'État,https://eduscol.education.fr/645/horaires-de-la-serie-sciences-et-technologies-de-l-industrie-et-du-developpement-durable-sti2d,bac ou équivalent,Lycée Émile Zola,https://www.onisep.fr/http/redirection/etablissement/slug/ENS.3275,0280015P,public,26 rue de Civry,28205,Châteaudun,Eure-et-Loir,Orléans-Tours,Centre-Val de Loire,48.0725,1.33418,02 37 44 59 59,http://www.emile-zola-chateaudun.fr,internat (homme/femme),,1 an,"temps plein, cours en présentiel",,,,,06/06/2020,27/01/2023
AF.71668,bac pro technicien conseil vente en alimentation (produits alimentaires et boissons),https://www.onisep.fr/http/redirection/formation/slug/FOR.7702,"matières premières, fabrication, industries/agroalimentaire| commerce, marketing, vente/grande distribution et petits commerces| commerce, marketing, vente/marketing, vente",baccalauréat professionnel,Diplôme national ou diplôme d'État,https://chlorofil.fr/diplomes/secondaire/bac-pro/1re-tle/tcv-alim,bac ou équivalent,Maison familiale rurale de Vayres,https://www.onisep.fr/http/redirection/etablissement/slug/ENS.4120,0332473J,privé sous contrat,3 chemin de Pelarnon,33870,Vayres,Gironde,Bordeaux,Nouvelle-Aquitaine,44.8848,-0.321164,05 57 74 85 30,https://mfr-vayres.fr,internat (homme/femme),Locaux accessibles : ascenseur,2 ans,"alternance sous statut scolaire, cours en présentiel",,,,,06/06/2020,22/04/2025
AF.96909,classe de 2de professionnelle métiers du pilotage et de la maintenance d'installations automatisées,https://www.onisep.fr/http/redirection/formation/slug/FOR.6817,"mécanique/automatismes| matières premières, fabrication, industries/bois| sciences/chimie| matières premières, fabrication, industries/fabrication, productique| matières premières, fabrication, industries/maintenance, qualité| mécanique/mécanique (généralités)| matières premières, fabrication, industries/papier, carton",classe de 2de professionnelle,Diplôme national ou diplôme d'État,https://eduscol.education.fr/document/6174/download,seconde,Lycée Nikola Tesla,https://www.onisep.fr/http/redirection/etablissement/slug/ENS.15329,0912364A,public,15-21 chemin du Champ de Courses,91410,Dourdan,Essonne,Versailles,Ile-de-France,48.5346,1.99957,01 64 59 39 00,https://lyc-tesla-dourdan.ac-versailles.fr/,sans hébergement,,1 an,"temps plein, cours en présentiel",,,,,19/02/2021,19/02/2021
AF.75237,bac général,https://www.onisep.fr/http/redirection/formation/slug/FOR.3354,"lettres, langues, enseignement/formations généralistes",baccalauréat général,Diplôme national ou diplôme d'État,https://eduscol.education.fr/634/cycle-terminal-de-la-voie-generale,bac ou équivalent,Lycée polyvalent Algoud-Laffemas,https://www.onisep.fr/http/redirection/etablissement/slug/ENS.17365,0261505V,public,"37-39 Rue Barthélémy de Laffemas, BP 26",26901,Valence,Drôme,Grenoble,Auvergne-Rhône-Alpes,44.917653072631,4.916296005249,04 75 82 61 30,https://algoud-laffemas.ent.auvergnerhonealpes.fr/,internat (homme/femme),Locaux accessibles,1 an,"temps plein, cours en présentiel",,,,,06/06/2020,06/06/2020
AF.56607,bac pro métiers du commerce et de la vente option A animation et gestion de l'espace commercial,https://www.onisep.fr/http/redirection/formation/slug/FOR.5839,"commerce, marketing, vente/grande distribution et petits commerces| commerce, marketing, vente/marketing, vente",baccalauréat professionnel,Diplôme national ou diplôme d'État,https://referentiels-professionnels.eduscol.education.fr/bacprometcove.html,bac ou équivalent,Lycée polyvalent Jean Lurçat - Site Patay,https://www.onisep.fr/http/redirection/etablissement/slug/ENS.3327,0753268V,public,121 rue de Patay,75013,Paris,Paris,Paris,Ile-de-France,48.8282,2.37038,01 44 06 77 50,http://www.lycee-jean-lurcat.net,sans hébergement,Locaux accessibles,2 ans,"temps plein, cours en présentiel",,,,,06/06/2020,06/06/2020
AF.81106,classe de 1re générale,https://www.onisep.fr/http/redirection/formation/slug/FOR.2255,"lettres, langues, enseignement/formations généralistes",classe de 1re générale,Diplôme national ou diplôme d'État,https://eduscol.education.fr/634/cycle-terminal-de-la-voie-generale,1re,Lycée Thiers,https://www.onisep.fr/http/redirection/etablissement/slug/ENS.14785,0130040Y,public,5 place du Lycée,13232,Marseille,Bouches-du-Rhône,Aix-Marseille,Provence-Alpes-Côte d'Azur,43.2969,5.38261,04 91 18 92 18,http://www.lyc-thiers.ac-aix-marseille.fr/spip/,internat (homme/femme),Locaux accessibles,1 an,"temps plein, cours en présentiel",,,,,06/06/2020,02/04/2026
AF.58107,classe de 1re générale,https://www.onisep.fr/http/redirection/formation/slug/FOR.2255,"lettres, langues, enseignement/formations généralistes",classe de 1re générale,Diplôme national ou diplôme d'État,https://eduscol.education.fr/634/cycle-terminal-de-la-voie-generale,1re,Lycée Charles de Foucauld,https://www.onisep.fr/http/redirection/etablissement/slug/ENS.4377,0542408Z,privé sous contrat,1 rue Jeannot,54000,Nancy,Meurthe-et-Moselle,Nancy-Metz,Grand Est,48.69,6.18807,03 83 35 27 14,https://www.cdfnancy.fr,internat (homme/femme),Locaux accessibles : ascenseur,1 an,"temps plein, cours en présentiel",,,,,06/06/2020,19/02/2026
AF.104848,BPJEPS spécialité éducateur sportif mention multi-activités physiques ou sportives pour tous,https://www.onisep.fr/http/redirection/formation/slug/FOR.11073,"santé, social, sport/sport","brevet professionnel de la jeunesse, de l'éducation populaire et du sport",Diplôme national ou diplôme d'État,https://www.francecompetences.fr/recherche/rncp/40480/,bac ou équivalent,Ipso Campus - site Grenoble,https://www.onisep.fr/http/redirection/etablissement/slug/ENS.18070,0383514N,privé,6 rue de Chamrousse,38100,Grenoble,Isère,Grenoble,Auvergne-Rhône-Alpes,45.1794407,5.7253266,04 56 85 88 91,https://ipso-campus.com,sans hébergement,Locaux accessibles,1 an,"temps plein, cours en présentiel",,5880 euros en 2026 (gratuit en apprentissage),,https://ipso-sport.com/sport/formations/bpjeps/bpjeps-activites-physiques-pour-tous,07/04/2022,29/05/2026
AF.40832,classe de 1re générale,https://www.onisep.fr/http/redirection/formation/slug/FOR.2255,"lettres, langues, enseignement/formations généralistes",classe de 1re générale,Diplôme national ou diplôme d'État,https://eduscol.education.fr/634/cycle-terminal-de-la-voie-generale,1re,Lycée polyvalent Louis Armand,https://www.onisep.fr/http/redirection/etablissement/slug/ENS.12213,0940118T,public,173 boulevard de Strasbourg,94130,Nogent-sur-Marne,Val-de-Marne,Créteil,Ile-de-France,48.8472,2.49064,01 45 14 28 28,http://www.larmand.fr,sans hébergement,,1 an,"temps plein, cours en présentiel",,,,,06/06/2020,12/06/2024
AF.29480,bac général,https://www.onisep.fr/http/redirection/formation/slug/FOR.3354,"lettres, langues, enseignement/formations généralistes",baccalauréat général,Diplôme national ou diplôme d'État,https://eduscol.education.fr/634/cycle-terminal-de-la-voie-generale,bac ou équivalent,Lycée Michel-Ange,https://www.onisep.fr/http/redirection/etablissement/slug/ENS.1651,0921594H,public,2 avenue Georges Pompidou,92390,Villeneuve-la-Garenne,Hauts-de-Seine,Versailles,Ile-de-France,48.9408,2.32624,01 41 47 67 70,https://www.lyceemichelange92.fr/,sans hébergement,,1 an,"temps plein, cours en présentiel",,,,,06/06/2020,06/06/2020
AF.53988,CAP maçon,https://www.onisep.fr/http/redirection/formation/slug/FOR.7014,"construction, architecture, travaux publics/maçonnerie, béton armé",CAP,Diplôme national ou diplôme d'État,https://referentiels-professionnels.eduscol.education.fr/CAP_MACON.html,CAP ou équivalent,Lycée polyvalent Heinrich Nessel,https://www.onisep.fr/http/redirection/etablissement/slug/ENS.13084,0671509B,public,"123 route de Strasbourg, BP 50235",67504,Haguenau,Bas-Rhin,Strasbourg,Grand Est,48.8003,7.76945,03 88 53 20 00,https://www.lycee-heinrich-nessel.fr/,internat (homme) ou hébergement organisé hors établissement (femme - internat au lycée Robert Schuman),,2 ans,"temps plein, cours en présentiel",,,,,06/06/2020,04/04/2022
AF.66148,classe de 1re STMG sciences et technologies du management et de la gestion,https://www.onisep.fr/http/redirection/formation/slug/FOR.3562,"gestion des entreprises, comptabilité/administration de l'entreprise",classe de 1re technologique,Diplôme national ou diplôme d'État,https://eduscol.education.fr/646/horaires-de-la-serie-sciences-et-technologies-du-management-et-de-la-gestion-stmg,1re,Lycée Watteau,https://www.onisep.fr/http/redirection/etablissement/slug/ENS.14451,0590222W,public,"20 boulevard Pater, BP 419",59307,Valenciennes,Nord,Lille,Hauts-de-France,50.3585,3.53117,03 27 28 27 00,https://www.watteau-valenciennes.fr/,internat (femme),,1 an,"temps plein, cours en présentiel",,,,,06/06/2020,06/06/2020
AF.136014,bac français international,https://www.onisep.fr/http/redirection/formation/slug/FOR.7763,"lettres, langues, enseignement/formations généralistes",baccalauréat international ou européen,Diplôme national ou diplôme d'État,https://eduscol.education.fr/3043/baccalaureat-francais-international-bfi,bac ou équivalent,Lycée polyvalent Pierre Mendès-France,https://www.onisep.fr/http/redirection/etablissement/slug/ENS.2633,0133015G,public,"Avenue Yitzhak Rabin, BP 17",13741,Vitrolles,Bouches-du-Rhône,Aix-Marseille,Provence-Alpes-Côte d'Azur,43.4465,5.24694,04 42 89 89 79,https://www.site.ac-aix-marseille.fr/lyc-mendesfrance-vitrolles/spip/,internat (homme/femme),Locaux accessibles,2 ans,"temps plein, cours en présentiel",,,,,21/02/2025,21/02/2025
AF.129243,assistant de comptabilité et d'administration en PME/TPE,https://www.onisep.fr/http/redirection/formation/slug/FOR.9720,"gestion des entreprises, comptabilité/administration de l'entreprise| gestion des entreprises, comptabilité/comptabilité| gestion des entreprises, comptabilité/secrétariat",formation d'école spécialisée,Formation inscrite au RNCP,https://www.francecompetences.fr/recherche/rncp/38506/,bac ou équivalent,Lycée polyvalent Rémi Belleau,https://www.onisep.fr/http/redirection/etablissement/slug/ENS.13537,0280036M,public,33 rue Bretonnerie,28400,Nogent-le-Rotrou,Eure-et-Loir,Orléans-Tours,Centre-Val de Loire,48.3175,0.81102,02 36 85 99 00,https://www.remibelleau.fr,internat (homme/femme),,1 an,"temps plein, cours en présentiel",,,,,17/04/2024,16/10/2025
AF.96025,classe de 2de professionnelle métiers des transitions numérique et énergétique,https://www.onisep.fr/http/redirection/formation/slug/FOR.6816,"électricité, électronique, robotique/électronique| électricité, électronique, robotique/électrotechnique| environnement, énergies, propreté/énergies| construction, architecture, travaux publics/équipement technique| construction, architecture, travaux publics/génie civil| informatique, Internet/informatique (généralités)| matières premières, fabrication, industries/maintenance, qualité",classe de 2de professionnelle,Diplôme national ou diplôme d'État,https://eduscol.education.fr/document/6044/download,seconde,Lycée polyvalent Colbert,https://www.onisep.fr/http/redirection/etablissement/slug/ENS.6178,0590214M,public,"2 parvis Jean-Baptiste Colbert, BP 50620",59208,Tourcoing,Nord,Lille,Hauts-de-France,50.725596419569,3.156852722168,03 20 76 12 00,https://www.lyceecolbert-tg.org/,hébergement organisé hors établissement (homme/femme - aux lycées Gambetta et Sévigné de Tourcoing et au LP de Wasquehal),"Locaux accessibles : ascenseur, rampe d'accès",1 an,"temps plein, cours en présentiel",,,,,19/02/2021,19/02/2021
AF.94857,CAP charpentier bois,https://www.onisep.fr/http/redirection/formation/slug/FOR.6820,"matières premières, fabrication, industries/bois| construction, architecture, travaux publics/charpente, couverture",CAP,Diplôme national ou diplôme d'État,https://eduscol.education.fr/referentiels-professionnels/cap_Charpentier_bois.html,CAP ou équivalent,Lycée professionnel du Blavet,https://www.onisep.fr/http/redirection/etablissement/slug/ENS.18675,0560039N,public,43 rue Charles Gounod,56300,Pontivy,Morbihan,Rennes,Bretagne,48.0578,-2.96011,02 97 25 35 40,http://www.lycee-blavet.fr,internat (homme/femme),Locaux accessibles,2 ans,"temps plein, cours en présentiel",,,,https://lycee-blavet.fr/formations/cap/charpentier-bois/,13/01/2021,06/02/2026
AF.60704,bac techno STMG sciences et technologies du management et de la gestion enseignement spécifique gestion et finance,https://www.onisep.fr/http/redirection/formation/slug/FOR.1639,"gestion des entreprises, comptabilité/administration de l'entreprise",baccalauréat technologique,Diplôme national ou diplôme d'État,https://eduscol.education.fr/646/horaires-de-la-serie-sciences-et-technologies-du-management-et-de-la-gestion-stmg,bac ou équivalent,Lycée Philibert Dessaignes,https://www.onisep.fr/http/redirection/etablissement/slug/ENS.1073,0410002E,public,12 rue Dessaignes,41000,Blois,Loir-et-Cher,Orléans-Tours,Centre-Val de Loire,47.5954,1.33877,02 54 55 53 00,https://lycee-dessaignes.fr/,internat (femme - ouvert du lundi matin au vendredi 18h),,1 an,"temps plein, cours en présentiel",,,,,06/06/2020,06/06/2020
AF.44028,classe de 2de générale et technologique,https://www.onisep.fr/http/redirection/formation/slug/FOR.1152,"lettres, langues, enseignement/formations généralistes",classe de 2de générale et technologique,Diplôme national ou diplôme d'État,https://eduscol.education.fr/633/seconde-generale-et-technologique,seconde,Lycée Élisée Reclus,https://www.onisep.fr/http/redirection/etablissement/slug/ENS.9391,0330115W,public,"7 avenue de Verdun, BP 69",33220,Sainte-Foy-la-Grande,Gironde,Bordeaux,Nouvelle-Aquitaine,44.8381,0.214774,05 57 41 92 50,https://lycee-foyen.fr,internat (homme/femme),"Locaux accessibles : accessibilité totale pour handicap moteur, ascenseur",1 an,"temps plein, cours en présentiel",,,,,06/06/2020,06/06/2020
AF.4172,bac pro métiers de la couture et de la confection,https://www.onisep.fr/http/redirection/formation/slug/FOR.9357,"matières premières, fabrication, industries/matériaux souples| matières premières, fabrication, industries/textile, habillement",baccalauréat professionnel,Diplôme national ou diplôme d'État,https://eduscol.education.fr/referentiels-professionnels/Bac_Pro_MCC.html,bac ou équivalent,Lycée polyvalent Toulouse-Lautrec,https://www.onisep.fr/http/redirection/etablissement/slug/ENS.11911,0810003N,public,"15 rue Charles Portal, BP 80314",81027,Albi,Tarn,Toulouse,Occitanie,43.9259,2.13938,05 63 49 19 29,https://toulouse-lautrec-albi.mon-ent-occitanie.fr,internat (femme),,3 ans,"temps plein, cours en présentiel",,,,,06/06/2020,06/06/2020
AF.2739,"bac techno STL sciences et technologies de laboratoire enseignement spécifique biochimie, biologie, biotechnologie",https://www.onisep.fr/http/redirection/formation/slug/FOR.3318,sciences/biologie,baccalauréat technologique,Diplôme national ou diplôme d'État,https://eduscol.education.fr/643/horaires-de-la-sciences-et-technologies-de-laboratoire-stl,bac ou équivalent,Lycée polyvalent Le Mans sud,https://www.onisep.fr/http/redirection/etablissement/slug/ENS.8574,0721094Y,public,128 rue Henri Champion,72058,Le Mans,Sarthe,Nantes,Pays de la Loire,47.9811,0.229352,02 43 86 24 16,http://lemans-sud.e-lyco.fr,internat (homme/femme),,1 an,"temps plein, cours en présentiel",,,,,06/06/2020,06/06/2020
AF.5138,bac pro maintenance des systèmes de production connectés,https://www.onisep.fr/http/redirection/formation/slug/FOR.6822,"mécanique/automatismes| matières premières, fabrication, industries/fonction production (généralités)| matières premières, fabrication, industries/maintenance, qualité| mécanique/mécanique (généralités)",baccalauréat professionnel,Diplôme national ou diplôme d'État,https://referentiels-professionnels.eduscol.education.fr/bac_pro_MSPC.html,bac ou équivalent,Lycée des métiers et des technologies innovantes Charles Jully,https://www.onisep.fr/http/redirection/etablissement/slug/ENS.11394,0570087K,public,59 rue du Maréchal Foch,57500,Saint-Avold,Moselle,Nancy-Metz,Grand Est,49.1055,6.69305,03 87 29 30 20,https://www.lycee-charles-jully.fr,internat (homme/femme),Locaux accessibles : ascenseur,2 ans,"temps plein, cours en présentiel",,,,,06/06/2020,10/03/2022
AF.29389,classe de 1re générale,https://www.onisep.fr/http/redirection/formation/slug/FOR.2255,"lettres, langues, enseignement/formations généralistes",classe de 1re générale,Diplôme national ou diplôme d'État,https://eduscol.education.fr/634/cycle-terminal-de-la-voie-generale,1re,Lycée Duplessis Mornay,https://www.onisep.fr/http/redirection/etablissement/slug/ENS.6971,0490040C,public,"1 rue Duruy, BP 330",49408,Saumur,Maine-et-Loire,Nantes,Pays de la Loire,47.2553,-0.0759087,02 41 53 05 30,http://duplessis-mornay.e-lyco.fr,internat (homme/femme - 138 places),,1 an,"temps plein, cours en présentiel",,,,,06/06/2020,05/02/2021
AF.44751,bac pro animation-enfance et personnes âgées,https://www.onisep.fr/http/redirection/formation/slug/FOR.2568,"santé, social, sport/travail social",baccalauréat professionnel,Diplôme national ou diplôme d'État,https://eduscol.education.fr/referentiels-professionnels/bac_pro_Animation.html,bac ou équivalent,Lycée professionnel Placide Courtoy,https://www.onisep.fr/http/redirection/etablissement/slug/ENS.1910,0590098L,public,"1 rue Placide Courtoy, BP 50129",59618,Hautmont,Nord,Lille,Hauts-de-France,50.251314366533,3.9131927490234,03 27 63 79 77,https://lp-placide-courtoy-hautmont.59.ac-lille.fr/,sans hébergement,,3 ans,"temps plein, cours en présentiel",,,,,06/06/2020,14/05/2025
AF.27186,"bac pro accompagnement, soins et services à la personne",https://www.onisep.fr/http/redirection/formation/slug/FOR.7562,"santé, social, sport/travail social",baccalauréat professionnel,Diplôme national ou diplôme d'État,https://eduscol.education.fr/referentiels-professionnels/bac_pro_ASSP.html,bac ou équivalent,Lycée professionnel de l'Yser,https://www.onisep.fr/http/redirection/etablissement/slug/ENS.858,0595856V,public,"18 bis route d'Esquelbecq, BP 31",59726,Wormhout,Nord,Lille,Hauts-de-France,50.8841,2.45332,03 28 65 63 94,https://www.lpyser.fr/,sans hébergement,Locaux accessibles : ascenseur,3 ans,"temps plein, cours en présentiel",,,,,06/06/2020,24/03/2022
AF.51127,bac pro maintenance des véhicules option véhicules légers,https://www.onisep.fr/http/redirection/formation/slug/FOR.11279,"mécanique/automobile| matières premières, fabrication, industries/maintenance, qualité| mécanique/mécanique (généralités)",baccalauréat professionnel,Diplôme national ou diplôme d'État,https://referentiels-professionnels.eduscol.education.fr/bac_pro_MDV.html,bac ou équivalent,Lycée polyvalent René Cassin,https://www.onisep.fr/http/redirection/etablissement/slug/ENS.12187,0710048S,public,49 boulevard des Neuf Clés,71018,Mâcon,Saône-et-Loire,Dijon,Bourgogne-Franche-Comté,46.3147,4.8212,03 85 39 53 50,https://lyc-rcassin-macon.eclat-bfc.fr/,internat (homme/femme),,2 ans,"temps plein, cours en présentiel",,,,,06/06/2020,15/04/2025
AF.27658,classe de 1re STMG sciences et technologies du management et de la gestion,https://www.onisep.fr/http/redirection/formation/slug/FOR.3562,"gestion des entreprises, comptabilité/administration de l'entreprise",classe de 1re technologique,Diplôme national ou diplôme d'État,https://eduscol.education.fr/646/horaires-de-la-serie-sciences-et-technologies-du-management-et-de-la-gestion-stmg,1re,Lycée polyvalent Paul Painlevé,https://www.onisep.fr/http/redirection/etablissement/slug/ENS.7128,0010034G,public,"13 place des déportés de 1944, BP 813",01108,Oyonnax,Ain,Lyon,Auvergne-Rhône-Alpes,46.2562,5.66052,04 74 81 21 00,https://arbezcarme-painleve.ent.auvergnerhonealpes.fr/,"hébergement organisé hors établissement (homme/femme - internat au lycée Arbez Carme à Bellignat pour les élèves de 2de, 1re et terminale) : pas d'hébergement organisé pour les élèves de BTS",Locaux accessibles : accessibilité totale pour handicap moteur,1 an,"temps plein, cours en présentiel",,,,,06/06/2020,06/06/2020
AF.54625,bac techno STMG sciences et technologies du management et de la gestion enseignement spécifique gestion et finance,https://www.onisep.fr/http/redirection/formation/slug/FOR.1639,"gestion des entreprises, comptabilité/administration de l'entreprise",baccalauréat technologique,Diplôme national ou diplôme d'État,https://eduscol.education.fr/646/horaires-de-la-serie-sciences-et-technologies-du-management-et-de-la-gestion-stmg,bac ou équivalent,Lycée Jean XXIII,https://www.onisep.fr/http/redirection/etablissement/slug/ENS.8096,0850076W,privé sous contrat,"Avenue des Sables, BP 535",85505,Les Herbiers,Vendée,Nantes,Pays de la Loire,46.8649,-1.02728,02 51 64 99 64,https://jean23-herbiers.com/,sans hébergement,Locaux accessibles : ascenseur,1 an,"temps plein, cours en présentiel",,,,,06/06/2020,06/06/2020
AF.32224,bac techno STMG sciences et technologies du management et de la gestion enseignement spécifique ressources humaines et communication,https://www.onisep.fr/http/redirection/formation/slug/FOR.3147,"gestion des entreprises, comptabilité/ressources humaines",baccalauréat technologique,Diplôme national ou diplôme d'État,https://eduscol.education.fr/646/horaires-de-la-serie-sciences-et-technologies-du-management-et-de-la-gestion-stmg,bac ou équivalent,Lycée polyvalent de Petite Terre,https://www.onisep.fr/http/redirection/etablissement/slug/ENS.13946,9760229V,public,"Rue du lycée, BP 196",97615,Pamandzi,Mayotte,Mayotte,Mayotte,-12.797991457628,45.286081731319,02 69 60 55 65,https://lpo-petite-terre.ac-mayotte.fr/,internat (homme/femme),,1 an,"temps plein, cours en présentiel",,,,,06/06/2020,06/06/2020
AF.22303,bac pro métiers de l'électricité et de ses environnements connectés,https://www.onisep.fr/http/redirection/formation/slug/FOR.9919,"mécanique/automatismes| électricité, électronique, robotique/électrotechnique| construction, architecture, travaux publics/équipement technique| matières premières, fabrication, industries/maintenance, qualité",baccalauréat professionnel,Diplôme national ou diplôme d'État,https://referentiels-professionnels.eduscol.education.fr/indexdbe3.html,bac ou équivalent,Lycée Saint-Joseph - Les 2 Rives,https://www.onisep.fr/http/redirection/etablissement/slug/ENS.6010,0290184T,privé sous contrat,"Route de Pencran, BP 30819",29208,Landerneau,Finistère,Rennes,Bretagne,48.4501,-4.23385,02 98 85 02 58,https://les-2-rives.fr/,internat (homme/femme - accueil des élèves de toutes sections d'enseignement secondaire et des étudiants de BTS),,2 ans,"temps plein, cours en présentiel",,,,https://les-2-rives.fr/lycee-professionnel/bac-pro-industrie/,06/06/2020,02/06/2025
AF.67025,classe de 1re STMG sciences et technologies du management et de la gestion,https://www.onisep.fr/http/redirection/formation/slug/FOR.3562,"gestion des entreprises, comptabilité/administration de l'entreprise",classe de 1re technologique,Diplôme national ou diplôme d'État,https://eduscol.education.fr/646/horaires-de-la-serie-sciences-et-technologies-du-management-et-de-la-gestion-stmg,1re,Lycée polyvalent Jean Monnet,https://www.onisep.fr/http/redirection/etablissement/slug/ENS.10904,0851400K,public,"57 rue de la Demoiselle, BP 20",85500,Les Herbiers,Vendée,Nantes,Pays de la Loire,46.8612,-1.02424,02 51 64 80 00,http://jean-monnet.e-lyco.fr,internat (homme/femme),"Locaux accessibles : accessibilité totale pour handicap moteur, rampe d'accès, ascenseur",1 an,"temps plein, cours en présentiel",,,,,06/06/2020,14/01/2025
AF.22233,bac techno STD2A sciences et technologies du design et des arts appliqués,https://www.onisep.fr/http/redirection/formation/slug/FOR.2572,"arts, culture, artisanat/arts appliqués| arts, culture, artisanat/arts du spectacle| arts, culture, artisanat/arts graphiques| arts, culture, artisanat/arts plastiques",baccalauréat technologique,Diplôme national ou diplôme d'État,https://eduscol.education.fr/648/horaires-de-la-serie-sciences-et-technologies-du-design-et-des-arts-appliques-std2a,bac ou équivalent,Lycée polyvalent Arbez-Carme,https://www.onisep.fr/http/redirection/etablissement/slug/ENS.12995,0011119L,public,1 rue Pierre et Marie Curie,01100,Bellignat,Ain,Lyon,Auvergne-Rhône-Alpes,46.2503,5.63345,04 74 81 97 97,https://arbezcarme-painleve.ent.auvergnerhonealpes.fr/,internat (homme/femme),Locaux accessibles : accessibilité totale pour handicap moteur,1 an,"temps plein, cours en présentiel",,,,,06/06/2020,06/06/2020
AF.68474,CAP agent accompagnant au grand âge,https://www.onisep.fr/http/redirection/formation/slug/FOR.8720,"santé, social, sport/paramédical",CAP,Diplôme national ou diplôme d'État,https://eduscol.education.fr/referentiels-professionnels/CAP_AAGA.html,CAP ou équivalent,Lycée professionnel Jouffroy d'Abbans,https://www.onisep.fr/http/redirection/etablissement/slug/ENS.10570,0250063H,public,"16 rue de l'Helvetie, BP 52109",25112,Baume-les-Dames,Doubs,Besançon,Bourgogne-Franche-Comté,47.3496,6.3504,03 81 84 02 77,https://lyc-jdabbans-baume-les-dames.eclat-bfc.fr,internat (homme/femme),,2 ans,"temps plein, cours en présentiel",,,,,06/06/2020,06/06/2020
AF.88817,bac techno STI2D sciences et technologies de l'industrie et du développement durable enseignement spécifique innovation technologique et éco-conception,https://www.onisep.fr/http/redirection/formation/slug/FOR.3284,"matières premières, fabrication, industries/fonction production (généralités)",baccalauréat technologique,Diplôme national ou diplôme d'État,https://eduscol.education.fr/645/horaires-de-la-serie-sciences-et-technologies-de-l-industrie-et-du-developpement-durable-sti2d,bac ou équivalent,Lycée polyvalent Frédéric Joliot-Curie,https://www.onisep.fr/http/redirection/etablissement/slug/ENS.14374,0771027Y,public,"168 rue Frédéric Joliot-Curie, BP 36",77196,Dammarie-les-Lys,Seine-et-Marne,Créteil,Ile-de-France,48.5182,2.64865,01 64 39 34 34,http://www.lyceejoliotcurie77.fr,sans hébergement,,1 an,"temps plein, cours en présentiel",,,,,06/06/2020,06/06/2020
AF.5772,classe de 2de professionnelle métiers de la relation client,https://www.onisep.fr/http/redirection/formation/slug/FOR.3378,"commerce, marketing, vente/marketing, vente",classe de 2de professionnelle,Diplôme national ou diplôme d'État,https://eduscol.education.fr/document/1902/download,seconde,Lycée polyvalent Jean Lurçat - Site Patay,https://www.onisep.fr/http/redirection/etablissement/slug/ENS.3327,0753268V,public,121 rue de Patay,75013,Paris,Paris,Paris,Ile-de-France,48.8282,2.37038,01 44 06 77 50,http://www.lycee-jean-lurcat.net,sans hébergement,Locaux accessibles,1 an,"temps plein, cours en présentiel",,,,,06/06/2020,06/06/2020
AF.36751,diplôme d'État de technicien de l'intervention sociale et familiale,https://www.onisep.fr/http/redirection/formation/slug/FOR.11003,"santé, social, sport/travail social",diplôme d'État du travail social,Diplôme national ou diplôme d'État,https://www.francecompetences.fr/recherche/rncp/39680/,bac ou équivalent,Institut régional du travail social Poitou-Charentes,https://www.onisep.fr/http/redirection/etablissement/slug/ENS.10688,0860740M,privé,"1 rue Georges Guynemer, BP 215",86005,Poitiers,Vienne,Poitiers,Nouvelle-Aquitaine,46.5779,0.330129,05 49 37 60 00,https://www.irts-poitou-charentes.fr,sans hébergement,Locaux accessibles : ascenseur,2 ans,"temps plein, cours en présentiel",,"200 euros en 2026 (100 euros par an, gratuit en apprentissage)",,,06/06/2020,09/02/2026
AF.13533,classe de 2de générale et technologique,https://www.onisep.fr/http/redirection/formation/slug/FOR.1152,"lettres, langues, enseignement/formations généralistes",classe de 2de générale et technologique,Diplôme national ou diplôme d'État,https://eduscol.education.fr/633/seconde-generale-et-technologique,seconde,Lycée Juliette Récamier,https://www.onisep.fr/http/redirection/etablissement/slug/ENS.2022,0690032K,public,57 rue de la Charité,69287,Lyon,Rhône,Lyon,Auvergne-Rhône-Alpes,45.7522,4.83121,04 72 41 65 30,https://juliette-recamier.ent.auvergnerhonealpes.fr/,hébergement organisé hors établissement (homme/femme - possibilité d'internat au lycée Descartes à St-Genis-Laval pour les élèves suivant l'enseignement 'art-danse' ou les élèves de CPGE),Locaux accessibles : accessibilité totale pour handicap moteur,1 an,"temps plein, cours en présentiel",,,,,06/06/2020,02/02/2021
AF.46668,classe de 1re générale,https://www.onisep.fr/http/redirection/formation/slug/FOR.2255,"lettres, langues, enseignement/formations généralistes",classe de 1re générale,Diplôme national ou diplôme d'État,https://eduscol.education.fr/634/cycle-terminal-de-la-voie-generale,1re,Lycée général et technologique Raoul Follereau,https://www.onisep.fr/http/redirection/etablissement/slug/ENS.13965,0580032V,public,9 boulevard Saint-Exupéry,58000,Nevers,Nièvre,Dijon,Bourgogne-Franche-Comté,47.0048,3.1589,03 86 60 36 00,https://lyc-follereau-renard-nevers.eclat-bfc.fr/,internat (homme/femme - possible pour les BTS selon les places disponibles),Locaux accessibles,1 an,"temps plein, cours en présentiel (les enseignements de spécialité Humanités, littérature et philosophie, LLCA et SI sont dispensés au lycée Jules Renard)",,,,,06/06/2020,17/03/2026
AF.5216,bac pro maintenance des matériels option B matériels de construction et de manutention,https://www.onisep.fr/http/redirection/formation/slug/FOR.5705,mécanique/engins| mécanique/mécanique (généralités),baccalauréat professionnel,Diplôme national ou diplôme d'État,http://eduscol.education.fr/referentiels-professionnels/i002.html,bac ou équivalent,Lycée Nikola Tesla,https://www.onisep.fr/http/redirection/etablissement/slug/ENS.15329,0912364A,public,15-21 chemin du Champ de Courses,91410,Dourdan,Essonne,Versailles,Ile-de-France,48.5346,1.99957,01 64 59 39 00,https://lyc-tesla-dourdan.ac-versailles.fr/,sans hébergement,,2 ans,"temps plein, cours en présentiel",,,,,06/06/2020,06/06/2020
AF.16210,classe de 1re STMG sciences et technologies du management et de la gestion,https://www.onisep.fr/http/redirection/formation/slug/FOR.3562,"gestion des entreprises, comptabilité/administration de l'entreprise",classe de 1re technologique,Diplôme national ou diplôme d'État,https://eduscol.education.fr/646/horaires-de-la-serie-sciences-et-technologies-du-management-et-de-la-gestion-stmg,1re,Lycée Saint-Louis - Saint-Bruno,https://www.onisep.fr/http/redirection/etablissement/slug/ENS.7425,0690563M,privé sous contrat,16 rue des Chartreux,69283,Lyon,Rhône,Lyon,Auvergne-Rhône-Alpes,45.772,4.82323,04 72 98 23 30,https://www.slsb.fr,"internat (homme/femme - en priorité pour les élèves de 2de, 1re, terminale. Quelques places disponibles pour les élèves de BTS)",,1 an,"temps plein, cours en présentiel",,,,,06/06/2020,06/06/2020
AF.17407,CAP crémier-fromager,https://www.onisep.fr/http/redirection/formation/slug/FOR.1260,"matières premières, fabrication, industries/agroalimentaire| commerce, marketing, vente/grande distribution et petits commerces",CAP,Diplôme national ou diplôme d'État,http://eduscol.education.fr/referentiels-professionnels/cap_crem_from.html,CAP ou équivalent,Lycée professionnel Lautréamont,https://www.onisep.fr/http/redirection/etablissement/slug/ENS.8141,0650874X,public,"Avenue d'Azereix, BP 1649",65016,Tarbes,Hautes-Pyrénées,Toulouse,Occitanie,43.2283,0.056863,05 62 34 51 13,https://lautreamont.mon-ent-occitanie.fr,internat (homme/femme),,2 ans,"temps plein, cours en présentiel",,,,,06/06/2020,01/03/2023
AF.73842,bac pro métiers de la logistique,https://www.onisep.fr/http/redirection/formation/slug/FOR.11099,"logistique, transport/logistique| logistique, transport/transport",baccalauréat professionnel,Diplôme national ou diplôme d'État,https://referentiels-professionnels.eduscol.education.fr/bac_pro_MDL.html,bac ou équivalent,Lycée des métiers des services aux entreprises et aux administrations Isabelle Viviani,https://www.onisep.fr/http/redirection/etablissement/slug/ENS.10967,0880023X,public,75 rue de Remiremont,88020,Épinal,Vosges,Nancy-Metz,Grand Est,48.1627,6.44982,03 29 35 29 85,https://lyceeviviani.fr/,internat (homme/femme),Locaux accessibles : accessibilité totale pour handicap moteur,2 ans,"temps plein, cours en présentiel",,,,,06/06/2020,17/06/2025
AF.86814,bac général,https://www.onisep.fr/http/redirection/formation/slug/FOR.3354,"lettres, langues, enseignement/formations généralistes",baccalauréat général,Diplôme national ou diplôme d'État,https://eduscol.education.fr/634/cycle-terminal-de-la-voie-generale,bac ou équivalent,Lycée de l'image et du son,https://www.onisep.fr/http/redirection/etablissement/slug/ENS.7261,0161095D,public,"303 avenue de Navarre, CS 22214",16022,Angoulême,Charente,Poitiers,Nouvelle-Aquitaine,45.6332,0.153903,05 45 61 95 00,https://lycee-image-son-angouleme.fr,internat (homme/femme - sections de lycée uniquement),Locaux accessibles : ascenseur,1 an,"temps plein, cours en présentiel",,,,,06/06/2020,19/02/2025
AF.10416,"classe de 2de professionnelle métiers de la gestion administrative, du transport et de la logistique",https://www.onisep.fr/http/redirection/formation/slug/FOR.4412,"gestion des entreprises, comptabilité/administration de l'entreprise| logistique, transport/logistique| gestion des entreprises, comptabilité/secrétariat| logistique, transport/transport",classe de 2de professionnelle,Diplôme national ou diplôme d'État,https://eduscol.education.gouv.fr/sites/default/files/document/vademecum-famille-des-metiers-de-la-gestion-administrative-du-transport-et-de-la-logistique-68013.pdf,seconde,Lycée privé polyvalent Sainte-Louise de Marillac,https://www.onisep.fr/http/redirection/etablissement/slug/ENS.7173,0660077A,privé sous contrat,68 avenue Victor Dalbiez,66000,Perpignan,Pyrénées-Orientales,Montpellier,Occitanie,42.6887,2.88246,04 68 55 50 05,http://www.marillac.fr/,internat (homme),Locaux accessibles,1 an,"temps plein, cours en présentiel",,,,,06/06/2020,06/06/2020
AF.80945,classe de 1re générale,https://www.onisep.fr/http/redirection/formation/slug/FOR.2255,"lettres, langues, enseignement/formations généralistes",classe de 1re générale,Diplôme national ou diplôme d'État,https://eduscol.education.fr/634/cycle-terminal-de-la-voie-generale,1re,Lycée polyvalent Victor Hugo,https://www.onisep.fr/http/redirection/etablissement/slug/ENS.14838,0342090M,public,"300 avenue Louis Médard, BP 80203",34401,Lunel,Hérault,Montpellier,Occitanie,43.6902,4.13697,04 99 13 70 30,https://victor-hugo-lunel.mon-ent-occitanie.fr/,internat (homme/femme),Locaux accessibles,1 an,"temps plein, cours en présentiel",,,,,06/06/2020,05/04/2022
AF.46393,bac pro cuisine,https://www.onisep.fr/http/redirection/formation/slug/FOR.423,"hôtellerie-restauration, tourisme/restauration",baccalauréat professionnel,Diplôme national ou diplôme d'État,http://eduscol.education.fr/referentiels-professionnels/a128.html,bac ou équivalent,Lycée polyvalent Christian Bourquin,https://www.onisep.fr/http/redirection/etablissement/slug/ENS.17425,0660924W,public,"4 avenue Nelson Mandela, CS 60094",66701,Argelès-sur-Mer,Pyrénées-Orientales,Montpellier,Occitanie,42.5655,3.00579,04 68 81 02 02,https://christian-bourquin-argeles.mon-ent-occitanie.fr/,internat (homme/femme),,2 ans,"temps plein, cours en présentiel",,,,,06/06/2020,18/12/2025
AF.65035,classe de 1re STMG sciences et technologies du management et de la gestion,https://www.onisep.fr/http/redirection/formation/slug/FOR.3562,"gestion des entreprises, comptabilité/administration de l'entreprise",classe de 1re technologique,Diplôme national ou diplôme d'État,https://eduscol.education.fr/646/horaires-de-la-serie-sciences-et-technologies-du-management-et-de-la-gestion-stmg,1re,Lycée polyvalent Langevin Wallon,https://www.onisep.fr/http/redirection/etablissement/slug/ENS.14932,0940113M,public,126 avenue Roger Salengro,94500,Champigny-sur-Marne,Val-de-Marne,Créteil,Ile-de-France,48.8164,2.49748,01 48 81 28 33,http://www.lycee-langevin-wallon.com,sans hébergement,,1 an,"temps plein, cours en présentiel",,,,,06/06/2020,06/06/2020
AF.15236,bac techno STI2D sciences et technologies de l'industrie et du développement durable enseignement spécifique énergie et environnement,https://www.onisep.fr/http/redirection/formation/slug/FOR.3139,"environnement, énergies, propreté/énergies| environnement, énergies, propreté/environnement (généralités)| matières premières, fabrication, industries/fonction production (généralités)",baccalauréat technologique,Diplôme national ou diplôme d'État,https://eduscol.education.fr/645/horaires-de-la-serie-sciences-et-technologies-de-l-industrie-et-du-developpement-durable-sti2d,bac ou équivalent,Lycée polyvalent de Bois d'Olive,https://www.onisep.fr/http/redirection/etablissement/slug/ENS.11288,9741206T,public,"112 avenue Laurent Vergès, BP 71",97432,Saint-Pierre,La Réunion,La Réunion,La Réunion,-21.2983187,55.4575394,02 62 49 89 60,https://etab.ac-reunion.fr/lyc-bois-d-olive,"hébergement organisé hors établissement (homme/femme - dans un autre lycée, places limitées)",,1 an,"temps plein, cours en présentiel",,,,,06/06/2020,06/06/2020
AF.79384,"formation qualifiante concertée, métiers sportifs de montagne et de pleine nature",https://www.onisep.fr/http/redirection/formation/slug/FOR.635,"santé, social, sport/sport",formation d'école spécialisée,Certificat délivré par l'école,,bac ou équivalent,Lycée général du Diois,https://www.onisep.fr/http/redirection/etablissement/slug/ENS.6282,0260008T,public,"Avenue Sadi Carnot, Square du souvenir français, BP 75",26150,Die,Drôme,Grenoble,Auvergne-Rhône-Alpes,44.75597955,5.369445858761,04 75 22 03 43,https://cite-scolaire-du-diois.web.ac-grenoble.fr,internat (homme/femme - accès pour les BTS en fonction des places disponibles),Locaux accessibles,3 ans,"temps plein, cours en présentiel",accompagnateur - accompagnatrice de moyenne montagne | moniteur - monitrice de canoë-kayak et disciplines associées | moniteur national - monitrice nationale d'escalade | moniteur national - monitrice nationale de ski nordique de fond,,élèves volontaires du lycée visant le bac général,https://cite-scolaire-du-diois.web.ac-grenoble.fr/hors-rubriques/sports-de-nature,06/06/2020,28/11/2025
AF.29292,bac pro assistance à la gestion des organisations et de leurs activités,https://www.onisep.fr/http/redirection/formation/slug/FOR.4284,"gestion des entreprises, comptabilité/administration de l'entreprise| gestion des entreprises, comptabilité/comptabilité| gestion des entreprises, comptabilité/ressources humaines| économie, droit, politique/sciences économiques| gestion des entreprises, comptabilité/secrétariat",baccalauréat professionnel,Diplôme national ou diplôme d'État,https://referentiels-professionnels.eduscol.education.fr/bac_pro_AGORA.html,bac ou équivalent,Lycée professionnel et technologique Jeanne d'Arc,https://www.onisep.fr/http/redirection/etablissement/slug/ENS.16947,0352462L,privé sous contrat,1 ter boulevard Châteaubriant,35500,Vitré,Ille-et-Vilaine,Rennes,Bretagne,48.125,-1.20855,02 99 75 38 79,https://www.jeanne-darc-vitre.fr/,sans hébergement,,2 ans,"temps plein, cours en présentiel",,,,https://www.jeanne-darc-vitre.fr/lycee-tertiaire/parcours-de-formation/bac-pro-assistance-a-la-gestion-des-organisations-et-de-leurs-activites-agora/,06/06/2020,22/03/2024
AF.66821,bac techno STMG sciences et technologies du management et de la gestion enseignement spécifique ressources humaines et communication,https://www.onisep.fr/http/redirection/formation/slug/FOR.3147,"gestion des entreprises, comptabilité/ressources humaines",baccalauréat technologique,Diplôme national ou diplôme d'État,https://eduscol.education.fr/646/horaires-de-la-serie-sciences-et-technologies-du-management-et-de-la-gestion-stmg,bac ou équivalent,Lycée Marguerite de Navarre,https://www.onisep.fr/http/redirection/etablissement/slug/ENS.6697,0180006J,public,50 rue de Vauvert,18016,Bourges,Cher,Orléans-Tours,Centre-Val de Loire,47.0819,2.38239,02 48 67 81 40,http://www.m2navarre.net/,internat (homme/femme),,1 an,"temps plein, cours en présentiel",,,,,06/06/2020,06/06/2020
AF.57469,classe de 2de professionnelle métiers de la relation client,https://www.onisep.fr/http/redirection/formation/slug/FOR.3378,"commerce, marketing, vente/marketing, vente",classe de 2de professionnelle,Diplôme national ou diplôme d'État,https://eduscol.education.fr/document/1902/download,seconde,LP Gustave Eiffel,https://www.onisep.fr/http/redirection/etablissement/slug/ENS.7116,0752961L,public,1 rue du Général Camou,75007,Paris,Paris,Paris,Ile-de-France,48.8589,2.29985,01 43 17 36 00,http://lyc-gustave-eiffel.ac-paris.fr,sans hébergement,,1 an,"temps plein, cours en présentiel",,,,,06/06/2020,06/06/2020
AF.19851,CAP maçon,https://www.onisep.fr/http/redirection/formation/slug/FOR.7014,"construction, architecture, travaux publics/maçonnerie, béton armé",CAP,Diplôme national ou diplôme d'État,https://referentiels-professionnels.eduscol.education.fr/CAP_MACON.html,CAP ou équivalent,Lycée professionnel Pétro Attiti,https://www.onisep.fr/http/redirection/etablissement/slug/ENS.10651,9830306R,public,"15 rue Teilhard de Chardin, Rivière salée, BP K2",98849,Nouméa,Nouvelle-Calédonie,Collectivités d'Outre Mer,Collectivités d'outre-mer,-22.231506819781,166.46565914154,00 687 41 88 33,https://webattiti.ac-noumea.nc/,internat (homme/femme),,2 ans,"temps plein, cours en présentiel",,,,,06/06/2020,06/06/2020
AF.146385,bac français international,https://www.onisep.fr/http/redirection/formation/slug/FOR.7763,"lettres, langues, enseignement/formations généralistes",baccalauréat international ou européen,Diplôme national ou diplôme d'État,https://eduscol.education.fr/3043/baccalaureat-francais-international-bfi,bac ou équivalent,Lycée du Pays de Retz,https://www.onisep.fr/http/redirection/etablissement/slug/ENS.9923,0441992B,public,"1 rue Georges Charpak, BP 1109",44211,Pornic,Loire-Atlantique,Nantes,Pays de la Loire,47.1211,-2.08709,02 40 82 40 19,https://paysderetz.paysdelaloire.e-lyco.fr/,sans hébergement,Locaux accessibles,2 ans,"temps plein, cours en présentiel",,,,,06/03/2026,06/03/2026
AF.53649,classe de 1re STMG sciences et technologies du management et de la gestion,https://www.onisep.fr/http/redirection/formation/slug/FOR.3562,"gestion des entreprises, comptabilité/administration de l'entreprise",classe de 1re technologique,Diplôme national ou diplôme d'État,https://eduscol.education.fr/646/horaires-de-la-serie-sciences-et-technologies-du-management-et-de-la-gestion-stmg,1re,Lycée Victor Hugo,https://www.onisep.fr/http/redirection/etablissement/slug/ENS.18235,0130043B,public,3 boulevard Gustave Desplaces,13003,Marseille,Bouches-du-Rhône,Aix-Marseille,Provence-Alpes-Côte d'Azur,43.305,5.38005,04 91 11 05 00,http://www.lyc-hugo-marseille.ac-aix-marseille.fr,sans hébergement,Locaux accessibles,1 an,"temps plein, cours en présentiel",,,,,06/06/2020,06/06/2020
AF.24989,classe de 2de générale et technologique,https://www.onisep.fr/http/redirection/formation/slug/FOR.1152,"lettres, langues, enseignement/formations généralistes",classe de 2de générale et technologique,Diplôme national ou diplôme d'État,https://eduscol.education.fr/633/seconde-generale-et-technologique,seconde,Lycée Marseilleveyre,https://www.onisep.fr/http/redirection/etablissement/slug/ENS.14532,0130038W,public,83 traverse Parangon,13285,Marseille,Bouches-du-Rhône,Aix-Marseille,Provence-Alpes-Côte d'Azur,43.2388,5.37775,04 91 17 67 00,http://www.lyc-marseilleveyre.ac-aix-marseille.fr,"internat (homme/femme - accueil des élèves de la 3e à la terminale, dont doubles cursus Sportifs de haut niveau et Danseurs de l'École nationale de Danse de Marseille)",Locaux accessibles,1 an,"temps plein, cours en présentiel",,,élèves de l'École Nationale Supérieure de Danse,,06/06/2020,01/04/2026
AF.6530,classe de 1re générale,https://www.onisep.fr/http/redirection/formation/slug/FOR.2255,"lettres, langues, enseignement/formations généralistes",classe de 1re générale,Diplôme national ou diplôme d'État,https://eduscol.education.fr/634/cycle-terminal-de-la-voie-generale,1re,Lycée Robert Schuman,https://www.onisep.fr/http/redirection/etablissement/slug/ENS.16875,0670020H,public,"2 quai des pêcheurs, BP 30233",67504,Haguenau,Bas-Rhin,Strasbourg,Grand Est,48.8143,7.79543,03 88 07 44 00,https://lycee-europeen-schuman.eu,internat (homme/femme),,1 an,"temps plein, cours en présentiel",,,,,06/06/2020,02/02/2026
AF.89767,"bac pro cybersécurité, informatique et réseaux, électronique",https://www.onisep.fr/http/redirection/formation/slug/FOR.8727,"informatique, Internet/développement, programmation, logiciel| électricité, électronique, robotique/électronique| électricité, électronique, robotique/électrotechnique| informatique, Internet/informatique (généralités)| informatique, Internet/informatique industrielle et technologique| matières premières, fabrication, industries/maintenance, qualité| informatique, Internet/systèmes et réseaux| électricité, électronique, robotique/télécommunications",baccalauréat professionnel,Diplôme national ou diplôme d'État,https://eduscol.education.fr/referentiels-professionnels/bac_pro_CIEL.html,bac ou équivalent,Lycée professionnel Ramiro Arrué,https://www.onisep.fr/http/redirection/etablissement/slug/ENS.14255,0640066Z,public,4 rue Rodolphe Caillaux,64500,Saint-Jean-de-Luz,Pyrénées-Atlantiques,Bordeaux,Nouvelle-Aquitaine,43.3752,-1.63882,05 59 51 55 55,http://webetab.ac-bordeaux.fr/lycee-ramiro-arrue,internat (homme/femme),Locaux accessibles,2 ans,"temps plein, cours en présentiel",possibilité de convention avec la Marine nationale,,,,06/06/2020,25/04/2025
AF.6008,bac techno ST2S sciences et technologies de la santé et du social,https://www.onisep.fr/http/redirection/formation/slug/FOR.2418,"santé, social, sport/paramédical| santé, social, sport/travail social",baccalauréat technologique,Diplôme national ou diplôme d'État,https://eduscol.education.fr/641/horaires-de-la-serie-sciences-et-technologies-de-la-sante-et-du-social-st2s,bac ou équivalent,Lycée Jacques Monod,https://www.onisep.fr/http/redirection/etablissement/slug/ENS.4923,0451462V,public,"7 rue Léon Blum, BP 80159",45803,Saint-Jean-de-Braye,Loiret,Orléans-Tours,Centre-Val de Loire,47.9104,1.96775,02 36 86 11 30,http://lyceejacquesmonod.eu/,internat (homme/femme),,1 an,"temps plein, cours en présentiel",,,,,06/06/2020,06/06/2020
AF.31435,bac techno STI2D sciences et technologies de l'industrie et du développement durable enseignement spécifique innovation technologique et éco-conception,https://www.onisep.fr/http/redirection/formation/slug/FOR.3284,"matières premières, fabrication, industries/fonction production (généralités)",baccalauréat technologique,Diplôme national ou diplôme d'État,https://eduscol.education.fr/645/horaires-de-la-serie-sciences-et-technologies-de-l-industrie-et-du-developpement-durable-sti2d,bac ou équivalent,"Lycée polyvalent Gustave Monod, Lycée des métiers de l'ingénierie industrielle",https://www.onisep.fr/http/redirection/etablissement/slug/ENS.16374,0952196W,public,71 avenue de Ceinture,95880,Enghien-les-Bains,Val-d'Oise,Versailles,Ile-de-France,48.9722,2.29549,01 39 89 32 41,https://www.lyc-polyvalent-monod-enghien.fr/,sans hébergement,,1 an,"temps plein, cours en présentiel",,,,,06/06/2020,06/06/2020
AF.17746,classe de 1re générale,https://www.onisep.fr/http/redirection/formation/slug/FOR.2255,"lettres, langues, enseignement/formations généralistes",classe de 1re générale,Diplôme national ou diplôme d'État,https://eduscol.education.fr/634/cycle-terminal-de-la-voie-generale,1re,Lycée en Forêt,https://www.onisep.fr/http/redirection/etablissement/slug/ENS.12499,0450040Z,public,"45 avenue Louis Maurice Chautemps, BP 717",45200,Montargis,Loiret,Orléans-Tours,Centre-Val de Loire,48.0111,2.75421,02 36 84 99 20,https://www.lycee-en-foret.fr,internat (homme/femme),,1 an,"temps plein, cours en présentiel",,,,,06/06/2020,25/03/2024
AF.61068,bac techno STMG sciences et technologies du management et de la gestion enseignement spécifique ressources humaines et communication,https://www.onisep.fr/http/redirection/formation/slug/FOR.3147,"gestion des entreprises, comptabilité/ressources humaines",baccalauréat technologique,Diplôme national ou diplôme d'État,https://eduscol.education.fr/646/horaires-de-la-serie-sciences-et-technologies-du-management-et-de-la-gestion-stmg,bac ou équivalent,Lycée polyvalent Gabriel Touchard - Washington,https://www.onisep.fr/http/redirection/etablissement/slug/ENS.14167,0720033V,public,"8 place Washington, BP 22160",72002,Le Mans,Sarthe,Nantes,Pays de la Loire,47.9951,0.204397,02 43 50 16 20,https://www.touchard-washington.fr/,internat (homme/femme),Locaux accessibles,1 an,"temps plein, cours en présentiel",,,,,06/06/2020,06/06/2020
AF.57156,bac pro assistance à la gestion des organisations et de leurs activités,https://www.onisep.fr/http/redirection/formation/slug/FOR.4284,"gestion des entreprises, comptabilité/administration de l'entreprise| gestion des entreprises, comptabilité/comptabilité| gestion des entreprises, comptabilité/ressources humaines| économie, droit, politique/sciences économiques| gestion des entreprises, comptabilité/secrétariat",baccalauréat professionnel,Diplôme national ou diplôme d'État,https://referentiels-professionnels.eduscol.education.fr/bac_pro_AGORA.html,bac ou équivalent,Lycée professionnel Jean-Pierre Timbaud,https://www.onisep.fr/http/redirection/etablissement/slug/ENS.10713,0931024H,public,103 avenue de la République,93300,Aubervilliers,Seine-Saint-Denis,Créteil,Ile-de-France,48.9054,2.39151,01 48 33 87 88,https://www.lyceejeanpierretimbaud.fr/presentation-du-lycee-professionnel-jean-pierre-timbaud-aubervilliers/,sans hébergement,,2 ans,"temps plein, cours en présentiel",,,,,06/06/2020,06/06/2020
