code_uai,n_siret,type_detablissement,nom,sigle,statut,tutelle,universite_de_rattachement_libelle_et_uai,universite_de_rattachement_id_et_url_onisep,etablissements_lies_libelles,etablissements_lies_url_et_id_onisep,boite_postale,adresse,cp,commune,commune_cog,cedex,telephone,arrondissement,departement,academie,region,region_cog,longitude_x,latitude_y,journees_portes_ouvertes,url_et_id_onisep,date_creation,date_de_modification
0753472S,19753472000010,école d'ingénieurs,École nationale supérieure d'arts et métiers - campus Arts et Métiers de Paris,ENSAM,public,Ministère de l'Enseignement supérieur et de la Recherche,,,CFA AMTalents à Paris (75) | École nationale supérieure d'arts et métiers - campus Arts et Métiers d'Aix-en-Provence à Aix-en-Provence (13) | École nationale supérieure d'arts et métiers - campus Arts et Métiers d'Angers à Angers (49) | École nationale supérieure d'arts et métiers - campus Arts et Métiers de Bordeaux Talence à Talence (33) | École nationale supérieure d'arts et métiers - campus Arts et Métiers de Châlons-en-Champagne à Châlons-en-Champagne (51) | École nationale supérieure d'arts et métiers - campus Arts et Métiers de Chalon-sur-Saône à Chalon-sur-Saône (71) | École nationale supérieure d'arts et métiers - campus Arts et Métiers de Chambéry à Le Bourget-du-Lac (73) | École nationale supérieure d'arts et métiers - campus Arts et Métiers de Cluny à Cluny (71) | École nationale supérieure d'arts et métiers - campus Arts et Métiers de Lille à Lille (59) | École nationale supérieure d'arts et métiers - campus Arts et Métiers de Metz à Metz (57) | École nationale supérieure d'arts et métiers - campus Arts et Métiers de Saint-Étienne - ISTP à Saint-Etienne (42),https://www.onisep.fr/http/redirection/etablissement/slug/ENS.24013 | https://www.onisep.fr/http/redirection/etablissement/slug/ENS.14586 | https://www.onisep.fr/http/redirection/etablissement/slug/ENS.10147 | https://www.onisep.fr/http/redirection/etablissement/slug/ENS.12533 | https://www.onisep.fr/http/redirection/etablissement/slug/ENS.15927 | https://www.onisep.fr/http/redirection/etablissement/slug/ENS.17949 | https://www.onisep.fr/http/redirection/etablissement/slug/ENS.19656 | https://www.onisep.fr/http/redirection/etablissement/slug/ENS.9048 | https://www.onisep.fr/http/redirection/etablissement/slug/ENS.3544 | https://www.onisep.fr/http/redirection/etablissement/slug/ENS.19356 | https://www.onisep.fr/http/redirection/etablissement/slug/ENS.24012,,151 boulevard de l'Hôpital,75013,Paris,75100,Cedex,01 44 24 62 76,13,75 - Paris,Paris,Ile-de-France,11,2.35751,48.8337,,https://www.onisep.fr/http/redirection/etablissement/slug/ENS.1967,06/06/2020,28/04/2026
0753742K,19753742600011,autre établissement d'enseignement,École des hautes études en sciences sociales,EHESS,public,Ministère de l'Enseignement supérieur et de la Recherche,,,,,,54 boulevard Raspail,75006,Paris,75100,Cedex,01 49 54 25 25,06,75 - Paris,Paris,Ile-de-France,11,2.32703,48.8504,,https://www.onisep.fr/http/redirection/etablissement/slug/ENS.7774,06/06/2020,28/11/2025
0597139P,19590349700012,autre établissement d'enseignement,Centrale Lille Institut,,public,Ministère de l'Enseignement supérieur et de la Recherche,,,École Centrale de Lille à Villeneuve-d'Ascq (59) | ENSCL - École Nationale Supérieure de Chimie de Lille à Villeneuve-d'Ascq (59) | IG2I - Institut de Génie Informatique et Industriel à Lens (62) | ITEEM à Villeneuve-d'Ascq (59),https://www.onisep.fr/http/redirection/etablissement/slug/ENS.862 | https://www.onisep.fr/http/redirection/etablissement/slug/ENS.1059 | https://www.onisep.fr/http/redirection/etablissement/slug/ENS.3722 | https://www.onisep.fr/http/redirection/etablissement/slug/ENS.6682,CS 20048,Cité scientifique,59651,Villeneuve-d'Ascq,59009,,03 20 33 53 53,,59 - Nord,Lille,Hauts-de-France,32,3.1427818,50.6068423,,https://www.onisep.fr/http/redirection/etablissement/slug/ENS.22977,21/10/2022,02/07/2025
0134017W,13001533200013,unité de formation et de recherche,"Faculté des arts, lettres, langues et sciences humaines - Site Schuman - Aix-en-Provence",ALLSH,public,Ministère de l'Enseignement supérieur et de la Recherche,Aix-Marseille Université (0134009M),https://www.onisep.fr/http/redirection/etablissement/slug/ENS.643,"Faculté des arts, lettres, langues, sciences humaines - antenne d'Arles à Arles (13)",https://www.onisep.fr/http/redirection/etablissement/slug/ENS.12060,,29 avenue Robert Schuman,13621,Aix-en-Provence,13001,Cedex 01,04 42 95 37 52,,13 - Bouches-du-Rhône,Aix-Marseille,Provence-Alpes-Côte d'Azur,93,5.44692,43.5155,,https://www.onisep.fr/http/redirection/etablissement/slug/ENS.19132,06/06/2020,17/02/2026
0311256X,19311256200015,école d'ingénieurs,École nationale de l'aviation civile - campus de Toulouse,ENAC,public,Ministère chargé de la transition écologique et de l'aménagement du territoire,,,École nationale de l'aviation civile - campus de Montpellier à Mauguio (34),https://www.onisep.fr/http/redirection/etablissement/slug/ENS.16526,CS 54005,7 avenue Édouard Belin,31055,Toulouse,31555,Cedex 04,05 62 17 40 00,04,31 - Haute-Garonne,Toulouse,Occitanie,76,1.48171,43.5644,,https://www.onisep.fr/http/redirection/etablissement/slug/ENS.16881,06/06/2020,22/05/2026
0910685A,77568501900561,école d'ingénieurs,Institut national des sciences et techniques nucléaires,INSTN,public,Ministère de l'Enseignement supérieur et de la Recherche,,,,,,CEA-Saclay,91191,Gif-sur-Yvette,91272,Cedex,01 69 08 81 41,,91 - Essonne,Versailles,Ile-de-France,11,2.1346414089203,48.69656927694,,https://www.onisep.fr/http/redirection/etablissement/slug/ENS.11922,06/06/2020,08/09/2025
0171638N,19170032700015,unité de formation et de recherche,Institut littoral urbain durable intelligent,ILUDI,public,Ministère de l'Enseignement supérieur et de la Recherche,La Rochelle Université (0171463Y),https://www.onisep.fr/http/redirection/etablissement/slug/ENS.359,,,,Avenue Michel Crépeau,17000,La Rochelle,17300,,05 46 45 91 14,,17 - Charente-Maritime,Poitiers,Nouvelle-Aquitaine,75,-1.1574752090604,46.142561504469,,https://www.onisep.fr/http/redirection/etablissement/slug/ENS.18450,06/06/2020,28/11/2025
0590338X,19590338000010,école d'ingénieurs,École nationale supérieure des arts et industries textiles,ENSAIT,public,Ministère de l'Enseignement supérieur et de la Recherche,Université de Lille (0597239Y),https://www.onisep.fr/http/redirection/etablissement/slug/ENS.366,,,BP 30329,2 allée Louise et Victor Champier,59056,Roubaix,59512,Cedex 01,03 20 25 64 64,,59 - Nord,Lille,Hauts-de-France,32,3.16823,50.6948,,https://www.onisep.fr/http/redirection/etablissement/slug/ENS.19740,06/06/2020,27/05/2026
0597132G,13002574500014,unité de formation et de recherche,"INSA Hauts-de-France - campus du Mont Houy, UPHF",INSA HDF,public,Ministère de l'Enseignement supérieur et de la Recherche,Université polytechnique Hauts-de-France (0597132G),https://www.onisep.fr/http/redirection/etablissement/slug/ENS.19,"INSA Hauts-de-France - campus de Maubeuge, UPHF à Maubeuge (59) | Institut national des sciences appliquées Hauts-de-France à Valenciennes (59)",https://www.onisep.fr/http/redirection/etablissement/slug/ENS.5579 | https://www.onisep.fr/http/redirection/etablissement/slug/ENS.1206,,Campus du Mont Houy,59313,Valenciennes,59606,Cedex 09,03 27 51 12 00,,59 - Nord,Lille,Hauts-de-France,32,3.5141876,50.323203,,https://www.onisep.fr/http/redirection/etablissement/slug/ENS.7791,06/06/2020,04/05/2026
0420093Y,19690187000028,école d'ingénieurs,Centrale Lyon ENISE (École nationale d'ingénieurs de Saint-Étienne de l'École centrale de Lyon),,public,Ministère de l'Enseignement supérieur et de la Recherche,,,École centrale de Lyon à Ecully (69),https://www.onisep.fr/http/redirection/etablissement/slug/ENS.19296,,58 rue Jean Parot,42023,Saint-Etienne,42218,Cedex 02,04 77 43 84 84,,42 - Loire,Lyon,Auvergne-Rhône-Alpes,84,4.414272,45.433756,,https://www.onisep.fr/http/redirection/etablissement/slug/ENS.9532,06/06/2020,27/05/2026
0383399N,19381912500231,école d'ingénieurs,École nationale supérieure d'informatique et de mathématiques appliquées - Grenoble INP-UGA,Ensimag,public,Ministère de l'Enseignement supérieur et de la Recherche,Université Grenoble Alpes (0383546Y),https://www.onisep.fr/http/redirection/etablissement/slug/ENS.490,,,BP 72,"681 rue de la Passerelle, Domaine universitaire",38402,Saint-Martin-d'Hères,38421,Cedex,04 76 82 72 00,,38 - Isère,Grenoble,Auvergne-Rhône-Alpes,84,5.76804,45.1935,"le 26/01/2027 de 08h00 à 17h00 ('Journée du lycéen' sur le campus de Grenoble à Saint-Martin d'Hères, plus d'information en ligne) voir https://alys.univ-grenoble-alpes.fr/echanger/participer-aux-evenements-lycee-universite/la-journee-du-lyceen-a-grenoble-jdl-/",https://www.onisep.fr/http/redirection/etablissement/slug/ENS.14008,06/06/2020,19/02/2026
0597060D,18009202500139,école d'ingénieurs,École nationale supérieure Mines-Télécom Nord Europe - campus de Lille,IMT Nord Europe,public,"Ministère chargé de l'Économie, des Finances et de la Souveraineté industrielle et numérique",,,École nationale supérieure Mines-Télécom Atlantique Bretagne Pays de la Loire - campus de Brest à Brest (29) | École nationale supérieure Mines-Télécom Atlantique Bretagne Pays de la Loire - campus de Nantes à Nantes (44) | École nationale supérieure Mines-Télécom Atlantique Bretagne Pays de la Loire - campus de Rennes à Cesson-Sévigné (35) | École nationale supérieure Mines-Télécom Nord Europe - campus de Douai à Douai (59) | École nationale supérieure Mines-Télécom Nord Europe - campus de Dunkerque à Dunkerque (59) | École nationale supérieure Mines-Télécom Nord Europe - InGHénia - campus de Valenciennes à Aulnoy-lez-Valenciennes (59) | École nationale supérieure Mines-Télécom Nord Europe - Polyvia formation - campus d'Alençon à Damigny (61) | Institut Mines-Télécom à Paris (75) | Institut Mines - Télécom École de Management à Evry-Courcouronnes (91) | Télécom SudParis - site de Palaiseau à Palaiseau (91),https://www.onisep.fr/http/redirection/etablissement/slug/ENS.15067 | https://www.onisep.fr/http/redirection/etablissement/slug/ENS.5638 | https://www.onisep.fr/http/redirection/etablissement/slug/ENS.17847 | https://www.onisep.fr/http/redirection/etablissement/slug/ENS.11085 | https://www.onisep.fr/http/redirection/etablissement/slug/ENS.17020 | https://www.onisep.fr/http/redirection/etablissement/slug/ENS.13552 | https://www.onisep.fr/http/redirection/etablissement/slug/ENS.4481 | https://www.onisep.fr/http/redirection/etablissement/slug/ENS.726 | https://www.onisep.fr/http/redirection/etablissement/slug/ENS.10013 | https://www.onisep.fr/http/redirection/etablissement/slug/ENS.17767,BP 20145,"Rue Guglielmo Marconi, Cité scientifique",59653,Villeneuve-d'Ascq,59009,Cedex,03 20 33 55 77,,59 - Nord,Lille,Hauts-de-France,32,3.1343713,50.6107392,,https://www.onisep.fr/http/redirection/etablissement/slug/ENS.2015,06/06/2020,08/10/2025
0352305R,37832751400014,grande école de commerce,Rennes School of Business,RENNES SB,privé,Chambre de commerce et d'industrie,,,Rennes School of Business à Paris (75),https://www.onisep.fr/http/redirection/etablissement/slug/ENS.22400,CS 76522,2 rue Robert d'Arbrissel,35065,Rennes,35238,Cedex,02 99 54 63 63,,35 - Ille-et-Vilaine,Rennes,Bretagne,53,-1.6900169849396,48.127264559936,,https://www.onisep.fr/http/redirection/etablissement/slug/ENS.8076,06/06/2020,08/01/2026
0756036D,13002614900018,unité de formation et de recherche,Université Paris Sciences et Lettres,PSL,public,Ministère de l'Enseignement supérieur et de la Recherche,Université PSL,https://www.onisep.fr/http/redirection/etablissement/slug/ENS.729,,,,60 rue Mazarine,75006,Paris,75100,,01 85 76 08 70,06,75 - Paris,Paris,Ile-de-France,11,2.3380322,48.854714558684,,https://www.onisep.fr/http/redirection/etablissement/slug/ENS.16975,06/06/2020,27/04/2026
0750252S,78471351300025,grande école de commerce,Institut supérieur du commerce de Paris,ISC,privé,Ministère de l'Enseignement supérieur et de la Recherche,,,Institut supérieur du commerce de Paris à Orléans (45),https://www.onisep.fr/http/redirection/etablissement/slug/ENS.18379,,22 boulevard du Fort de Vaux,75848,Paris,75100,Cedex,01 40 53 99 99,17,75 - Paris,Paris,Ile-de-France,11,2.30122,48.8926,,https://www.onisep.fr/http/redirection/etablissement/slug/ENS.11494,06/06/2020,07/01/2026
0221809X,13003051300019,école d'ingénieurs,École nationale supérieure des sciences appliquées et de technologie,ENSSAT,public,Ministère de l'Enseignement supérieur et de la Recherche,Université de Rennes (0353074B),https://www.onisep.fr/http/redirection/etablissement/slug/ENS.34,,,CS 80518,6 rue de Kerampont,22305,Lannion,22113,Cedex,02 96 46 90 00,,22 - Côtes-d'Armor,Rennes,Bretagne,53,-3.4622542073171,48.729725,,https://www.onisep.fr/http/redirection/etablissement/slug/ENS.4983,06/06/2020,26/01/2026
0171639P,19170032700015,unité de formation et de recherche,Pôle licences,,public,Ministère de l'Enseignement supérieur et de la Recherche,La Rochelle Université (0171463Y),https://www.onisep.fr/http/redirection/etablissement/slug/ENS.359,,,,1 parvis Fernand Braudel,17042,La Rochelle,17300,,05 46 45 68 00,,17 - Charente-Maritime,Poitiers,Nouvelle-Aquitaine,75,-1.1533739512934,46.1518583,,https://www.onisep.fr/http/redirection/etablissement/slug/ENS.10652,06/06/2020,16/06/2026
0711858J,,autre établissement d'enseignement,École nationale supérieure d'arts et métiers - campus Arts et Métiers de Chalon-sur-Saône,ENSAM,public,Ministère de l'Enseignement supérieur et de la Recherche,,,CFA AMTalents à Paris (75) | École nationale supérieure d'arts et métiers - campus Arts et Métiers d'Aix-en-Provence à Aix-en-Provence (13) | École nationale supérieure d'arts et métiers - campus Arts et Métiers d'Angers à Angers (49) | École nationale supérieure d'arts et métiers - campus Arts et Métiers de Bordeaux Talence à Talence (33) | École nationale supérieure d'arts et métiers - campus Arts et Métiers de Châlons-en-Champagne à Châlons-en-Champagne (51) | École nationale supérieure d'arts et métiers - campus Arts et Métiers de Chambéry à Le Bourget-du-Lac (73) | École nationale supérieure d'arts et métiers - campus Arts et Métiers de Cluny à Cluny (71) | École nationale supérieure d'arts et métiers - campus Arts et Métiers de Lille à Lille (59) | École nationale supérieure d'arts et métiers - campus Arts et Métiers de Metz à Metz (57) | École nationale supérieure d'arts et métiers - campus Arts et Métiers de Paris à Paris (75) | École nationale supérieure d'arts et métiers - campus Arts et Métiers de Saint-Étienne - ISTP à Saint-Etienne (42),https://www.onisep.fr/http/redirection/etablissement/slug/ENS.24013 | https://www.onisep.fr/http/redirection/etablissement/slug/ENS.14586 | https://www.onisep.fr/http/redirection/etablissement/slug/ENS.10147 | https://www.onisep.fr/http/redirection/etablissement/slug/ENS.12533 | https://www.onisep.fr/http/redirection/etablissement/slug/ENS.15927 | https://www.onisep.fr/http/redirection/etablissement/slug/ENS.19656 | https://www.onisep.fr/http/redirection/etablissement/slug/ENS.9048 | https://www.onisep.fr/http/redirection/etablissement/slug/ENS.3544 | https://www.onisep.fr/http/redirection/etablissement/slug/ENS.19356 | https://www.onisep.fr/http/redirection/etablissement/slug/ENS.1967 | https://www.onisep.fr/http/redirection/etablissement/slug/ENS.24012,,2 rue Thomas Dumorey,71100,Chalon-sur-Saône,71076,,03 85 90 98 60,,71 - Saône-et-Loire,Dijon,Bourgogne-Franche-Comté,27,4.8585553,46.7735951,,https://www.onisep.fr/http/redirection/etablissement/slug/ENS.17949,06/06/2020,14/05/2025
0942193Y,47962295300012,école d'ingénieurs,Institut supérieur de biotechnologies de Paris - campus de Villejuif,SUPBIOTECH,privé,,,,Institut supérieur de biotechnologies de Paris - campus de Lyon à Lyon (69),https://www.onisep.fr/http/redirection/etablissement/slug/ENS.21703,,66 rue Guy Môquet,94800,Villejuif,94076,,01 80 51 71 08,,94 - Val-de-Marne,Créteil,Ile-de-France,11,2.35737,48.7976,,https://www.onisep.fr/http/redirection/etablissement/slug/ENS.17287,06/06/2020,09/10/2025
0851415B,37920430800033,unité de formation et de recherche,Institut catholique de Vendée,ICES,privé,Ministère de l'Enseignement supérieur et de la Recherche,Institut catholique de Vendée (0851415B),https://www.onisep.fr/http/redirection/etablissement/slug/ENS.687,,,BP 691,17 boulevard des Belges,85017,La Roche-sur-Yon,85191,Cedex,02 51 46 12 13,,85 - Vendée,Nantes,Pays de la Loire,52,-1.4197,46.6727,,https://www.onisep.fr/http/redirection/etablissement/slug/ENS.8123,06/06/2020,26/05/2026
0920815L,77572915500124,école d'ingénieurs,École nationale supérieure du pétrole et des moteurs,ENSPM,public,"Ministère chargé de l'Économie, des Finances et de la Souveraineté industrielle et numérique",,,,,,232 avenue Napoléon Bonaparte,92852,Rueil-Malmaison,92063,Cedex,01 47 52 64 57,,92 - Hauts-de-Seine,Versailles,Ile-de-France,11,2.17214,48.8777,,https://www.onisep.fr/http/redirection/etablissement/slug/ENS.6294,06/06/2020,09/09/2025
0690190G,,centre de formation de fonctionnaires,École du personnel paramédical du service de santé des Armées,EPPA,public,Ministère des Armées,,,,,,331 avenue du Général de Gaulle,69500,Bron,69029,Cedex,01 40 51 69 06,,69 - Rhône,Lyon,Auvergne-Rhône-Alpes,84,4.9248669,45.7282743,,https://www.onisep.fr/http/redirection/etablissement/slug/ENS.8089,06/06/2020,12/01/2026
0292125C,39779265600027,école d'ingénieurs,Institut supérieur de l'électronique et du numérique Yncréa Ouest - campus de Brest,ISEN Yncréa Ouest,privé,Ministère de l'Enseignement supérieur et de la Recherche,,,Institut supérieur de l'électronique et du numérique Yncréa Ouest - campus de Caen à Caen (14) | Institut supérieur de l'électronique et du numérique Yncréa Ouest - campus de Nantes à Carquefou (44) | Institut supérieur de l'électronique et du numérique Yncréa Ouest - campus de Paris - Antony à Antony (92) | Institut supérieur de l'électronique et du numérique Yncréa Ouest - campus de Rennes à Rennes (35),https://www.onisep.fr/http/redirection/etablissement/slug/ENS.21973 | https://www.onisep.fr/http/redirection/etablissement/slug/ENS.7463 | https://www.onisep.fr/http/redirection/etablissement/slug/ENS.23341 | https://www.onisep.fr/http/redirection/etablissement/slug/ENS.19593,CS 42807,20 rue Cuirassé Bretagne,29228,Brest,29019,Cedex 02,02 98 03 84 00,,29 - Finistère,Rennes,Bretagne,53,-4.49508,48.407,,https://www.onisep.fr/http/redirection/etablissement/slug/ENS.10130,06/06/2020,07/11/2025
0590346F,78370584100022,grande école de commerce,SKEMA Business School,SKEMA BS,privé,Ministère de l'Enseignement supérieur et de la Recherche,,,SKEMA Business School à Valbonne (06) | SKEMA Business School à Suresnes (92),https://www.onisep.fr/http/redirection/etablissement/slug/ENS.10600 | https://www.onisep.fr/http/redirection/etablissement/slug/ENS.15730,,Avenue Willy Brandt,59777,Lille,59350,,03 20 21 59 62,,59 - Nord,Lille,Hauts-de-France,32,3.0759358406067,50.636472218764,,https://www.onisep.fr/http/redirection/etablissement/slug/ENS.4442,06/06/2020,24/02/2026
0754987N,42334912500041,école d'art,Condé Paris,,privé,,,,,,,7-9 rue Cambronne,75015,Paris,75100,,01 40 33 36 22,15,75 - Paris,Paris,Ile-de-France,11,2.30182,48.8471,,https://www.onisep.fr/http/redirection/etablissement/slug/ENS.5770,06/06/2020,19/05/2026
0597383E,13002574500014,unité de formation et de recherche,"Institut des Transversalités, des Sports et de la Santé - UPHF,  campus du Mont Houy",IT2S,public,Ministère de l'Enseignement supérieur et de la Recherche,Université polytechnique Hauts-de-France (0597132G),https://www.onisep.fr/http/redirection/etablissement/slug/ENS.19,,,,Campus du Mont Houy,59313,Valenciennes,59606,Cedex 09,03 27 51 18 05,,59 - Nord,Lille,Hauts-de-France,32,3.5146348,50.3284657,,https://www.onisep.fr/http/redirection/etablissement/slug/ENS.25009,14/02/2025,04/05/2026
0651125V,19650048200019,école d'ingénieurs,École nationale d'ingénieurs de Tarbes,ENIT,public,Ministère de l'Enseignement supérieur et de la Recherche,Université de technologie de Tarbes Occitanie Pyrénées (0651124U),https://www.onisep.fr/http/redirection/etablissement/slug/ENS.24211,,,BP 1629,47 avenue d'Azereix,65016,Tarbes,65440,Cedex,05 62 44 27 04,,65 - Hautes-Pyrénées,Toulouse,Occitanie,76,0.0532501,43.2252,,https://www.onisep.fr/http/redirection/etablissement/slug/ENS.5497,06/06/2020,28/10/2025
0783054W,81775918600023,grande école de commerce,HEC Paris,,privé,Chambre de commerce et d'industrie,,,,,,1 rue de la Libération,78351,Jouy-en-Josas,78322,Cedex,01 39 67 70 00,,78 - Yvelines,Versailles,Ile-de-France,11,2.1686089038849,48.757101189816,,https://www.onisep.fr/http/redirection/etablissement/slug/ENS.16049,06/06/2020,08/01/2026
0941934S,39889833800023,école d'ingénieurs,EFREI Paris - campus de Villejuif,,privé,,Université Paris-Panthéon-Assas (0756305W),https://www.onisep.fr/http/redirection/etablissement/slug/ENS.84,EFREI Paris - campus de Bordeaux à Bordeaux (33),https://www.onisep.fr/http/redirection/etablissement/slug/ENS.21957,,30-32 avenue de la République,94800,Villejuif,94076,,01 88 28 90 01,,94 - Val-de-Marne,Créteil,Ile-de-France,11,2.36402,48.7886,,https://www.onisep.fr/http/redirection/etablissement/slug/ENS.1434,06/06/2020,25/06/2026
9840349G,19987001500013,unité de formation et de recherche,Départements de formation et recherche,UPF,public,Ministère de l'Enseignement supérieur et de la Recherche,Université de la Polynésie française (9840349G),https://www.onisep.fr/http/redirection/etablissement/slug/ENS.224,,,BP 6570,Campus d'Outumaoro- Punaauia,98702,Faaa,98715,,689 803 803,,987 - Polynésie française,Collectivités d'Outre Mer,Collectivités d'outre-mer,00,-149.597397,-17.550961,,https://www.onisep.fr/http/redirection/etablissement/slug/ENS.9011,06/06/2020,18/01/2023
0912403T,13002562000019,unité de formation et de recherche,Institut polytechnique de Paris,IP Paris,public,Ministère des Armées,Institut polytechnique de Paris - établissement expérimental (0912403T),https://www.onisep.fr/http/redirection/etablissement/slug/ENS.276,,,,Route de Saclay,91128,Palaiseau,91477,,,,91 - Essonne,Versailles,Ile-de-France,11,2.212668,48.7190913,,https://www.onisep.fr/http/redirection/etablissement/slug/ENS.24491,07/05/2024,17/05/2024
0340137P,79026124200016,grande école de commerce,Montpellier Business School,MBS,privé,Ministère de l'Enseignement supérieur et de la Recherche,,,Montpellier Business School à Paris (75),https://www.onisep.fr/http/redirection/etablissement/slug/ENS.25519,,2300 avenue des Moulins,34185,Montpellier,34172,Cedex 04,04 67 10 25 00,,34 - Hérault,Montpellier,Occitanie,76,3.83339,43.6215,,https://www.onisep.fr/http/redirection/etablissement/slug/ENS.13094,06/06/2020,24/12/2025
,13002566100013,unité de formation et de recherche,IDEX d'Université Côte d'Azur (MSc internationaux),,public,Ministère de l'Enseignement supérieur et de la Recherche,Université Côte d'Azur (0062205P),https://www.onisep.fr/http/redirection/etablissement/slug/ENS.226,,,,"28 avenue Valrose, University Administrative Center, Grand Château",06103,Nice,06088,Cedex 2,,,06 - Alpes-Maritimes,Nice,Provence-Alpes-Côte d'Azur,93,7.2681133412667,43.7193543,,https://www.onisep.fr/http/redirection/etablissement/slug/ENS.22221,09/11/2021,31/01/2024
0753533H,78457366900016,école d'art,École spéciale d'architecture,ESA,privé,,,,,,,254 boulevard Raspail,75014,Paris,75100,,01 40 47 40 47,14,75 - Paris,Paris,Ile-de-France,11,2.33094,48.8376,,https://www.onisep.fr/http/redirection/etablissement/slug/ENS.17981,06/06/2020,18/11/2025
9730490V,13002059700014,unité de formation et de recherche,Département de formation et recherche sciences et technologies,,public,Ministère de l'Enseignement supérieur et de la Recherche,Université de Guyane (9730429D),https://www.onisep.fr/http/redirection/etablissement/slug/ENS.417,,,,"2091 route de Baduel, Campus de Troubiran",97300,Cayenne,97302,,,,973 - Guyane,Guyane,Guyane,03,-52.301616668701,4.9290019769536,,https://www.onisep.fr/http/redirection/etablissement/slug/ENS.23733,15/06/2023,13/01/2026
0312421N,39925215400048,école d'ingénieurs,Institut catholique d'arts et métiers - site de Toulouse,Icam,privé,,,,Institut catholique d'arts et métiers - site de Bretagne à Vannes (56) | Institut catholique d'arts et métiers - site de Grand Paris Sud à Lieusaint (77) | Institut catholique d'arts et métiers - site de Lille à Lille (59) | Institut catholique d'arts et métiers - site de Nantes à Carquefou (44) | Institut catholique d'arts et métiers - site de Strasbourg-Europe à Schiltigheim (67) | Institut catholique d'arts et métiers - site de Vendée à La Roche-sur-Yon (85),https://www.onisep.fr/http/redirection/etablissement/slug/ENS.12915 | https://www.onisep.fr/http/redirection/etablissement/slug/ENS.17958 | https://www.onisep.fr/http/redirection/etablissement/slug/ENS.8047 | https://www.onisep.fr/http/redirection/etablissement/slug/ENS.2374 | https://www.onisep.fr/http/redirection/etablissement/slug/ENS.18336 | https://www.onisep.fr/http/redirection/etablissement/slug/ENS.10905,CS 97615,75 avenue de Grande-Bretagne,31076,Toulouse,31555,Cedex 03,05 34 50 50 50,,31 - Haute-Garonne,Toulouse,Occitanie,76,1.4181709,43.5986207,,https://www.onisep.fr/http/redirection/etablissement/slug/ENS.18780,06/06/2020,10/09/2025
0312837R,93827139200202,école d'ingénieurs,"Université de Toulouse, sciences, ingénierie et technologie",UPSSITECH,public,Ministère de l'Enseignement supérieur et de la Recherche,Université de Toulouse (0313218E),https://www.onisep.fr/http/redirection/etablissement/slug/ENS.61,,,,118 route de Narbonne,31062,Toulouse,31555,Cedex 09,05 61 55 75 46,,31 - Haute-Garonne,Toulouse,Occitanie,76,1.4628392,43.5631577,,https://www.onisep.fr/http/redirection/etablissement/slug/ENS.19083,06/06/2020,17/02/2026
0753471R,19753471200017,autre établissement d'enseignement,Conservatoire national des arts et métiers - site de Paris,Cnam,public,Ministère de l'Enseignement supérieur et de la Recherche,Conservatoire national des arts et métiers (0753471R),https://www.onisep.fr/http/redirection/etablissement/slug/ENS.223,,,,292 rue Saint-Martin,75141,Paris,75100,Cedex 03,01 40 27 23 30,03,75 - Paris,Paris,Ile-de-France,11,2.3554166925337,48.86678295,,https://www.onisep.fr/http/redirection/etablissement/slug/ENS.24198,20/12/2023,22/06/2026
0912318A,19750003600029,école d'ingénieurs,École nationale supérieure de techniques avancées site de Palaiseau,ENSTA,public,Ministère des Armées,Institut polytechnique de Paris - établissement expérimental (0912403T),https://www.onisep.fr/http/redirection/etablissement/slug/ENS.276,École nationale supérieure de techniques avancées - site de Brest à Brest (29),https://www.onisep.fr/http/redirection/etablissement/slug/ENS.2383,,828 boulevard des Maréchaux,91120,Palaiseau,91477,,01 81 87 17 40,,91 - Essonne,Versailles,Ile-de-France,11,2.212573,48.717395,,https://www.onisep.fr/http/redirection/etablissement/slug/ENS.8064,06/06/2020,27/05/2026
0690187D,19690187000010,école d'ingénieurs,École centrale de Lyon,ECL Lyon,public,Ministère de l'Enseignement supérieur et de la Recherche,,,Centrale Lyon ENISE (École nationale d'ingénieurs de Saint-Étienne de l'École centrale de Lyon) à Saint-Etienne (42),https://www.onisep.fr/http/redirection/etablissement/slug/ENS.9532,,36 avenue Guy de Collongue,69134,Ecully,69081,Cedex,04 72 18 60 00,,69 - Rhône,Lyon,Auvergne-Rhône-Alpes,84,4.77027,45.784,,https://www.onisep.fr/http/redirection/etablissement/slug/ENS.19296,06/06/2020,30/10/2025
0333326L,51400512300062,grande école de commerce,Kedge Business School,KEDGE BS,privé,Ministère de l'Enseignement supérieur et de la Recherche,,,Kedge Business School à Mont-de-Marsan (40) | Kedge Business School à Paris (75) | Kedge Business School à Marseille (13) | Kedge Business School à Bayonne (64) | Kedge Business School à Avignon (84) | Kedge Business School à Toulon (83) | Kedge Business School à Borgo (20B),https://www.onisep.fr/http/redirection/etablissement/slug/ENS.24003 | https://www.onisep.fr/http/redirection/etablissement/slug/ENS.22244 | https://www.onisep.fr/http/redirection/etablissement/slug/ENS.18979 | https://www.onisep.fr/http/redirection/etablissement/slug/ENS.12823 | https://www.onisep.fr/http/redirection/etablissement/slug/ENS.18978 | https://www.onisep.fr/http/redirection/etablissement/slug/ENS.1119 | https://www.onisep.fr/http/redirection/etablissement/slug/ENS.18454,,"680 cours de la Libération, Domaine de Raba",33405,Talence,33522,Cedex,05 56 84 55 55,,33 - Gironde,Bordeaux,Nouvelle-Aquitaine,75,-0.60096502304077,44.796424046437,,https://www.onisep.fr/http/redirection/etablissement/slug/ENS.17202,06/06/2020,19/03/2026
0490075R,78611671500065,école d'ingénieurs,École supérieure d'électronique de l'Ouest - site Angers,ESEO,privé,,,,École supérieure d'électronique de l'Ouest - site Dijon à Dijon (21) | École supérieure d'électronique de l'Ouest - site Paris-Vélizy à Vélizy-Villacoublay (78),https://www.onisep.fr/http/redirection/etablissement/slug/ENS.3616 | https://www.onisep.fr/http/redirection/etablissement/slug/ENS.21707,CS 90717,"10 boulevard Jeanneteau, ESEO Angers",49107,Angers,49007,Cedex 02,02 41 86 67 67,,49 - Maine-et-Loire,Nantes,Pays de la Loire,52,-0.550947,47.4931,,https://www.onisep.fr/http/redirection/etablissement/slug/ENS.19453,06/06/2020,27/05/2026
0310150V,19310150800011,école d'architecture,École nationale supérieure d'architecture de Toulouse,ENSA,public,Ministère de la Culture et de la communication,,,,,BP 10629,83 rue Aristide Maillol,31106,Toulouse,31555,Cedex 01,05 62 11 50 50,,31 - Haute-Garonne,Toulouse,Occitanie,76,1.39721,43.5794,,https://www.onisep.fr/http/redirection/etablissement/slug/ENS.9607,06/06/2020,25/06/2026
0951820M,38859163800035,école d'ingénieurs,École de biologie industrielle,EBI,privé,Ministère de l'Enseignement supérieur et de la Recherche,,,,,CS 90009,49 avenue des Genottes,95895,Cergy,95127,Cedex,01 85 76 66 90,,95 - Val-d'Oise,Versailles,Ile-de-France,11,2.03865,49.0526,,https://www.onisep.fr/http/redirection/etablissement/slug/ENS.7967,06/06/2020,27/05/2026
0780412Z,19780412300028,école d'architecture,École nationale supérieure d'architecture de Versailles,,public,Ministère de la Culture et de la communication,,,,,,"5 avenue de Sceaux, Petites Ecuries du Roy",78000,Versailles,78646,,01 39 07 40 00,,78 - Yvelines,Versailles,Ile-de-France,11,2.12718,48.8018,,https://www.onisep.fr/http/redirection/etablissement/slug/ENS.5724,06/06/2020,04/03/2026
0624429C,19594403800205,école d'ingénieurs,École d'ingénieurs du littoral Côte d'Opale - site de Calais,EILCO,public,Ministère de l'Enseignement supérieur et de la Recherche,Université du Littoral Côte d'Opale (0595964M),https://www.onisep.fr/http/redirection/etablissement/slug/ENS.370,École d'ingénieurs du littoral Côte d'Opale - site de Boulogne-sur-Mer à Boulogne-sur-Mer (62) | École d'ingénieurs du littoral Côte d'Opale - site de Dunkerque à Dunkerque (59) | École d'ingénieurs du littoral Côte d'Opale - site de Saint-Omer Longuenesse à Longuenesse (62),https://www.onisep.fr/http/redirection/etablissement/slug/ENS.22201 | https://www.onisep.fr/http/redirection/etablissement/slug/ENS.16070 | https://www.onisep.fr/http/redirection/etablissement/slug/ENS.17022,CS 30613,50 rue Ferdinand Buisson,62228,Calais,62193,Cedex,06 14 06 46 47,,62 - Pas-de-Calais,Lille,Hauts-de-France,32,1.87936,50.9538,,https://www.onisep.fr/http/redirection/etablissement/slug/ENS.18587,06/06/2020,27/05/2026
0782075G,19781944400013,unité de formation et de recherche,UFR des sciences,,public,Ministère de l'Enseignement supérieur et de la Recherche,Université Versailles Saint-Quentin-en-Yvelines (0781944P),https://www.onisep.fr/http/redirection/etablissement/slug/ENS.35,,,,45 avenue des Etats-Unis,78035,Versailles,78646,Cedex,01 39 25 41 12,,78 - Yvelines,Versailles,Ile-de-France,11,2.14996,48.8122,,https://www.onisep.fr/http/redirection/etablissement/slug/ENS.12559,06/06/2020,23/12/2025
0540128W,13001550600889,école d'ingénieurs,École nationale supérieure des Mines de Nancy - site de Nancy,Mines Nancy,public,Ministère de l'Enseignement supérieur et de la Recherche,Université de Lorraine (0542493S),https://www.onisep.fr/http/redirection/etablissement/slug/ENS.645,École nationale supérieure des Mines de Nancy - Institut supérieur d'ingénierie de la conception - site de Saint-Dié-des-Vosges à Saint-Dié-des-Vosges (88),https://www.onisep.fr/http/redirection/etablissement/slug/ENS.15181,BP 14234,"92 rue du Sergent Blandan, Campus Artem",54042,Nancy,54395,Cedex,03 72 74 48 00,,54 - Meurthe-et-Moselle,Nancy-Metz,Grand Est,44,6.1717522144318,48.672805129481,,https://www.onisep.fr/http/redirection/etablissement/slug/ENS.12142,06/06/2020,19/02/2026
0753429V,20000068500012,école d'ingénieurs,École supérieure de physique et de chimie industrielles de la ville de Paris,ESPCI Paris - PSL,public,Ministère de l'Enseignement supérieur et de la Recherche,Université PSL,https://www.onisep.fr/http/redirection/etablissement/slug/ENS.729,,,,10 rue Vauquelin,75005,Paris,75100,,01 40 79 44 00,05,75 - Paris,Paris,Ile-de-France,11,2.34753,48.8412,,https://www.onisep.fr/http/redirection/etablissement/slug/ENS.1868,06/06/2020,08/09/2025
0690197P,84189203700042,grande école de commerce,emlyon Business School,em lyon,privé,Ministère de l'Enseignement supérieur et de la Recherche,,,emlyon Business School à Paris (75),https://www.onisep.fr/http/redirection/etablissement/slug/ENS.5674,,144 avenue Jean Jaurès,69007,Lyon,69380,,04 78 33 78 00,07,69 - Rhône,Lyon,Auvergne-Rhône-Alpes,84,4.9494665,45.7696253,,https://www.onisep.fr/http/redirection/etablissement/slug/ENS.2735,06/06/2020,19/05/2026
0760164R,19760164400028,école d'architecture,École nationale supérieure d'architecture de Normandie,ENSA,public,Ministère de la Culture et de la communication,,,,,BP 04,27 rue Lucien Fromage,76160,Darnétal,76212,Cedex,02 32 83 42 20,,76 - Seine-Maritime,Normandie,Normandie,28,1.13619,49.4382,,https://www.onisep.fr/http/redirection/etablissement/slug/ENS.7649,06/06/2020,03/06/2025
0420094Z,18009202500105,école d'ingénieurs,École nationale supérieure des mines de Saint-Étienne - campus de Saint-Étienne,MSE,public,"Ministère chargé de l'Économie, des Finances et de la Souveraineté industrielle et numérique",,,École nationale supérieure des mines de Saint-Étienne - Campus Provence à Gardanne (13),https://www.onisep.fr/http/redirection/etablissement/slug/ENS.11174,,158 cours Fauriel,42023,Saint-Etienne,42218,Cedex 02,04 77 42 01 23,,42 - Loire,Lyon,Auvergne-Rhône-Alpes,84,4.40983,45.4218,,https://www.onisep.fr/http/redirection/etablissement/slug/ENS.9586,06/06/2020,10/12/2025
0440112H,83474886500013,grande école de commerce,Audencia Business School,,privé,Ministère de l'Enseignement supérieur et de la Recherche,,,Audencia Business School à La Roche-sur-Yon (85) | Audencia Business School à Saint-Ouen (93) | Audencia Business School à Nantes (44) | Audencia SciencesCom à Nantes (44),https://www.onisep.fr/http/redirection/etablissement/slug/ENS.15411 | https://www.onisep.fr/http/redirection/etablissement/slug/ENS.23462 | https://www.onisep.fr/http/redirection/etablissement/slug/ENS.24922 | https://www.onisep.fr/http/redirection/etablissement/slug/ENS.8518,BP 31222,"8 route de la Jonelière, Atlantic Campus",44312,Nantes,44109,Cedex 03,02 40 37 34 34,,44 - Loire-Atlantique,Nantes,Pays de la Loire,52,-1.55272,47.2468,,https://www.onisep.fr/http/redirection/etablissement/slug/ENS.6686,06/06/2020,24/02/2026
0382778N,81738914100018,grande école de commerce,GEM - Alpine Business School,GEM,privé,Ministère de l'Enseignement supérieur et de la Recherche,,,GEM - Alpine Business School à Pantin (93),https://www.onisep.fr/http/redirection/etablissement/slug/ENS.19290,,12 rue Pierre Sémard,38000,Grenoble,38185,,04 76 70 60 60,,38 - Isère,Grenoble,Auvergne-Rhône-Alpes,84,5.7131427526474,45.190248893033,"du 01/09/2025 au 30/06/2026, en virtuel (sessions de septembre à juin sur les divers programmes. Les dates précises figurent sur le site web de l'école) voir https://www.grenoble-em.com/evenements",https://www.onisep.fr/http/redirection/etablissement/slug/ENS.2578,06/06/2020,19/03/2026
0753493P,19753493600012,école d'ingénieurs,École nationale supérieure des mines de Paris - Campus de Paris,Mines Paris - PSL,public,"Ministère chargé de l'Économie, des Finances et de la Souveraineté industrielle et numérique",Université PSL,https://www.onisep.fr/http/redirection/etablissement/slug/ENS.729,,,,60 boulevard Saint-Michel,75272,Paris,75100,Cedex 06,01 40 51 90 00,06,75 - Paris,Paris,Ile-de-France,11,2.33967,48.8456,,https://www.onisep.fr/http/redirection/etablissement/slug/ENS.2427,06/06/2020,01/12/2025
0542455A,93145678400038,grande école de commerce,ICN Business School,ICN BS,privé,Ministère de l'Enseignement supérieur et de la Recherche,,,ICN Business School à Puteaux (92),https://www.onisep.fr/http/redirection/etablissement/slug/ENS.12128,CS 70148,86 rue du Sergent Blandan,54003,Nancy,54395,Cedex,03 54 50 25 38,,54 - Meurthe-et-Moselle,Nancy-Metz,Grand Est,44,6.1708027124405,48.674232711485,,https://www.onisep.fr/http/redirection/etablissement/slug/ENS.2097,06/06/2020,07/01/2026
0062022R,38318157500028,école d'ingénieurs,EURECOM,,public,,,,,,,"450 route des Chappes, Campus SophiaTech",06410,Biot,06018,,04 93 00 81 00,,06 - Alpes-Maritimes,Nice,Provence-Alpes-Côte d'Azur,93,7.07958,43.6135,,https://www.onisep.fr/http/redirection/etablissement/slug/ENS.3697,06/06/2020,06/01/2026
0951931H,13002597600031,unité de formation et de recherche,UFR Sciences et techniques - site de Saint-Martin,,public,Ministère de l'Enseignement supérieur et de la Recherche,CY Cergy Paris Université (0952259P),https://www.onisep.fr/http/redirection/etablissement/slug/ENS.262,Institut supérieur de mécanique de Paris à Saint-Ouen (93),https://www.onisep.fr/http/redirection/etablissement/slug/ENS.19204,BP 222,2 avenue Adolphe Chauvin,95302,Cergy,95127,Cedex,01 34 25 65 20,,95 - Val-d'Oise,Versailles,Ile-de-France,11,2.0853689,49.0435715,,https://www.onisep.fr/http/redirection/etablissement/slug/ENS.3116,06/06/2020,10/03/2026
0750043P,20000069300024,école d'ingénieurs,École des ingénieurs de la ville de Paris,EIVP,public,Ministère de l'Enseignement supérieur et de la Recherche,Université Gustave Eiffel (0772894C),https://www.onisep.fr/http/redirection/etablissement/slug/ENS.117,,,,80 rue de Rébeval,75019,Paris,75100,Cedex,01 56 02 61 20,10,75 - Paris,Paris,Ile-de-France,11,2.351567,48.879277,,https://www.onisep.fr/http/redirection/etablissement/slug/ENS.3661,06/06/2020,17/02/2026
0670186N,19670186600010,école d'architecture,École nationale supérieure d'architecture de Strasbourg,ENSAS,public,Ministère de la Culture et de la communication,,,,,BP 10037,8 boulevard Wilson,67068,Strasbourg,67482,Cedex,03 88 32 25 35,,67 - Bas-Rhin,Strasbourg,Grand Est,44,7.73727,48.586,,https://www.onisep.fr/http/redirection/etablissement/slug/ENS.10744,06/06/2020,01/12/2025
0442852L,18009202500121,école d'ingénieurs,École nationale supérieure Mines-Télécom Atlantique Bretagne Pays de la Loire - campus de Nantes,IMT ABPL,public,"Ministère chargé de l'Économie, des Finances et de la Souveraineté industrielle et numérique",,,École nationale supérieure Mines-Télécom Atlantique Bretagne Pays de la Loire - campus de Brest à Brest (29) | École nationale supérieure Mines-Télécom Atlantique Bretagne Pays de la Loire - campus de Rennes à Cesson-Sévigné (35) | École nationale supérieure Mines-Télécom Nord Europe - campus de Douai à Douai (59) | École nationale supérieure Mines-Télécom Nord Europe - campus de Dunkerque à Dunkerque (59) | École nationale supérieure Mines-Télécom Nord Europe - campus de Lille à Villeneuve-d'Ascq (59) | École nationale supérieure Mines-Télécom Nord Europe - InGHénia - campus de Valenciennes à Aulnoy-lez-Valenciennes (59) | École nationale supérieure Mines-Télécom Nord Europe - Polyvia formation - campus d'Alençon à Damigny (61) | Institut Mines-Télécom à Paris (75) | Institut Mines - Télécom École de Management à Evry-Courcouronnes (91) | Télécom SudParis - site de Palaiseau à Palaiseau (91),https://www.onisep.fr/http/redirection/etablissement/slug/ENS.15067 | https://www.onisep.fr/http/redirection/etablissement/slug/ENS.17847 | https://www.onisep.fr/http/redirection/etablissement/slug/ENS.11085 | https://www.onisep.fr/http/redirection/etablissement/slug/ENS.17020 | https://www.onisep.fr/http/redirection/etablissement/slug/ENS.2015 | https://www.onisep.fr/http/redirection/etablissement/slug/ENS.13552 | https://www.onisep.fr/http/redirection/etablissement/slug/ENS.4481 | https://www.onisep.fr/http/redirection/etablissement/slug/ENS.726 | https://www.onisep.fr/http/redirection/etablissement/slug/ENS.10013 | https://www.onisep.fr/http/redirection/etablissement/slug/ENS.17767,CS 20722,"4 rue Alfred Kastler, La Chantrerie",44307,Nantes,44109,Cedex 03,02 51 85 81 00,,44 - Loire-Atlantique,Nantes,Pays de la Loire,52,-1.5203837,47.280962,,https://www.onisep.fr/http/redirection/etablissement/slug/ENS.5638,06/06/2020,28/11/2025
0841264T,19840685200204,unité de formation et de recherche,"Institut culture, patrimoine, sociétés numériques - Campus Hannah Arendt",ICPSN,public,Ministère de l'Enseignement supérieur et de la Recherche,Avignon Université (0840685N),https://www.onisep.fr/http/redirection/etablissement/slug/ENS.374,,,,74 rue Louis Pasteur,84029,Avignon,84007,Cedex 01,04 90 16 25 00,,84 - Vaucluse,Aix-Marseille,Provence-Alpes-Côte d'Azur,93,4.81758,43.9501,,https://www.onisep.fr/http/redirection/etablissement/slug/ENS.6203,06/06/2020,01/10/2025
0922369A,40285022600018,grande école de commerce,École de management Léonard de Vinci,EMLV,privé,Ministère de l'Enseignement supérieur et de la Recherche,,,École de management Léonard de Vinci à Montpellier (34) | École de management Léonard de Vinci à Nantes (44) | École supérieure d'ingénieurs Léonard de Vinci - campus de Paris à Courbevoie (92) | Institut de l'internet et du multimédia à Courbevoie (92),https://www.onisep.fr/http/redirection/etablissement/slug/ENS.25585 | https://www.onisep.fr/http/redirection/etablissement/slug/ENS.25586 | https://www.onisep.fr/http/redirection/etablissement/slug/ENS.8496 | https://www.onisep.fr/http/redirection/etablissement/slug/ENS.2739,,12 avenue Léonard de Vinci,92916,Courbevoie,92026,Cedex,01 81 00 28 48,,92 - Hauts-de-Seine,Versailles,Ile-de-France,11,2.2364741563797,48.896479110934,,https://www.onisep.fr/http/redirection/etablissement/slug/ENS.15525,06/06/2020,22/01/2026
0900024M,34022316300023,autre établissement d'enseignement,Conservatoire national des arts et métiers Bourgogne-Franche-Comté - Belfort,Cnam,public,Ministère de l'Enseignement supérieur et de la Recherche,Conservatoire national des arts et métiers (0753471R),https://www.onisep.fr/http/redirection/etablissement/slug/ENS.223,Conservatoire national des arts et métiers Bourgogne-Franche-Comté - Besançon à Besançon (25),https://www.onisep.fr/http/redirection/etablissement/slug/ENS.25352,,"13 rue Ernest Thierry-Mieg, Campus UTBM",90000,Belfort,90010,,03 84 58 33 10,,90 - Territoire-de-Belfort,Besançon,Bourgogne-Franche-Comté,27,6.84501,47.6416,,https://www.onisep.fr/http/redirection/etablissement/slug/ENS.19364,06/06/2020,18/12/2025
0693364G,32014055100021,école d'ingénieurs,ITECH Lyon,,privé,,,,,,,87 chemin des Mouilles,69134,Ecully,69081,Cedex,04 72 18 04 80,,69 - Rhône,Lyon,Auvergne-Rhône-Alpes,84,4.7664,45.7874,,https://www.onisep.fr/http/redirection/etablissement/slug/ENS.5329,06/06/2020,19/01/2026
0912423P,19940607500036,centre de formation de fonctionnaires,École normale supérieure Paris-Saclay,ENS,public,Ministère de l'Enseignement supérieur et de la Recherche,,,,,,4 avenue des Sciences,91190,Gif-sur-Yvette,91272,,01 81 87 50 00,,91 - Essonne,Versailles,Ile-de-France,11,2.164779603615,48.71291565,,https://www.onisep.fr/http/redirection/etablissement/slug/ENS.1813,06/06/2020,10/06/2026
0912381U,13001422800089,école d'ingénieurs,École nationale de la statistique et de l'administration économique,ENSAE,public,"Ministère chargé de l'Économie, des Finances et de la Souveraineté industrielle et numérique",Institut polytechnique de Paris - établissement expérimental (0912403T),https://www.onisep.fr/http/redirection/etablissement/slug/ENS.276,,,,5 avenue Henry le Chatelier,91120,Palaiseau,91477,,01 70 26 67 00,,91 - Essonne,Versailles,Ile-de-France,11,2.2074017,48.7107498,,https://www.onisep.fr/http/redirection/etablissement/slug/ENS.14353,06/06/2020,06/01/2026
0754969U,89003049700022,école d'art,Gobelins Paris - Campus Saint-Marcel,,privé,Chambre de commerce et d'industrie,,,Gobelins Paris - Campus Gambetta à Paris (75),https://www.onisep.fr/http/redirection/etablissement/slug/ENS.18402,,73 boulevard Saint-Marcel,75013,Paris,75100,,01 40 79 92 79,13,75 - Paris,Paris,Ile-de-France,11,2.35345,48.837308,,https://www.onisep.fr/http/redirection/etablissement/slug/ENS.3548,06/06/2020,20/05/2026
0630109B,81234979300016,grande école de commerce,Clermont School of Business (ex ESC Clermont BS),,privé,Ministère de l'Enseignement supérieur et de la Recherche,,,,,,4 boulevard Trudaine,63000,Clermont-Ferrand,63113,,04 73 98 24 24,,63 - Puy-de-Dôme,Clermont-Ferrand,Auvergne-Rhône-Alpes,84,3.0909208098222,45.7781276,,https://www.onisep.fr/http/redirection/etablissement/slug/ENS.14576,06/06/2020,03/02/2026
0692566P,13000288400018,école d'ingénieurs,ENTPE Lyon,,public,Ministère chargé de la transition écologique et de l'aménagement du territoire,,,,,,Rue Maurice Audin,69518,Vaulx-en-Velin,69256,,04 72 04 70 70,,69 - Rhône,Lyon,Auvergne-Rhône-Alpes,84,4.92297,45.7783,,https://www.onisep.fr/http/redirection/etablissement/slug/ENS.14534,06/06/2020,12/01/2026
0134016V,13001533200013,unité de formation et de recherche,Faculté d'économie et de gestion - Campus Aix - site Pauliane,FEG - Pauliane,public,Ministère de l'Enseignement supérieur et de la Recherche,Aix-Marseille Université (0134009M),https://www.onisep.fr/http/redirection/etablissement/slug/ENS.643,,,,424 chemin du viaduc,13080,Aix-en-Provence,13001,,04 12 23 18 31,,13 - Bouches-du-Rhône,Aix-Marseille,Provence-Alpes-Côte d'Azur,93,5.4492,43.5188,,https://www.onisep.fr/http/redirection/etablissement/slug/ENS.13843,06/06/2020,03/12/2025
0310152X,19310152400018,école d'ingénieurs,Institut national des sciences appliquées de Toulouse - site de Toulouse,INSA Toulouse,public,Ministère de l'Enseignement supérieur et de la Recherche,,,,,,135 avenue de Rangueil,31077,Toulouse,31555,Cedex 04,05 61 55 95 13,,31 - Haute-Garonne,Toulouse,Occitanie,76,1.46794,43.5704,,https://www.onisep.fr/http/redirection/etablissement/slug/ENS.17074,06/06/2020,26/11/2025
0601223D,19601223100169,école d'ingénieurs,Université de technologie de Compiègne,UTC,public,Ministère de l'Enseignement supérieur et de la Recherche,,,,,CS 60319,Rue du docteur Schweitzer,60203,Compiègne,60159,Cedex,03 44 23 44 23,,60 - Oise,Amiens,Hauts-de-France,32,2.79993,49.3999,,https://www.onisep.fr/http/redirection/etablissement/slug/ENS.5705,06/06/2020,04/05/2026
0741510P,19730858800429,école d'ingénieurs,École polytechnique universitaire de Savoie - site d'Annecy,Polytech,public,Ministère de l'Enseignement supérieur et de la Recherche,Université Savoie Mont Blanc (0730858L),https://www.onisep.fr/http/redirection/etablissement/slug/ENS.167,École nationale supérieure d'arts et métiers - campus Arts et Métiers de Chambéry à Le Bourget-du-Lac (73) | École polytechnique universitaire de Savoie - site de Chambery à Le Bourget-du-Lac (73),https://www.onisep.fr/http/redirection/etablissement/slug/ENS.19656 | https://www.onisep.fr/http/redirection/etablissement/slug/ENS.11093,BP 80439,5 chemin de Bellevue,74944,Annecy,74010,Cedex,04 50 09 66 00,,74 - Haute-Savoie,Grenoble,Auvergne-Rhône-Alpes,84,6.1553804,45.9194127,,https://www.onisep.fr/http/redirection/etablissement/slug/ENS.9971,06/06/2020,25/11/2025
0332984P,77572257201034,école d'ingénieurs,CESI école d'ingénieurs - campus de Bordeaux,CESI EI,privé,,,,CESI école d'ingénieurs - campus d'Aix-en-Provence à Aix-en-Provence (13) | CESI école d'ingénieurs - campus d'Angoulême à La Couronne (16) | CESI école d'ingénieurs - campus d'Arras à Arras (62) | CESI école d'ingénieurs - campus d'Orléans à Orléans (45) | CESI école d'ingénieurs - campus d'Orléans - site de Tours à Tours (37) | CESI école d'ingénieurs - campus de Brest à Guipavas (29) | CESI école d'ingénieurs - campus de Caen à Hérouville-Saint-Clair (14) | CESI école d'ingénieurs - campus de Dijon à Quetigny (21) | CESI école d'ingénieurs - campus de Grenoble à Meylan (38) | CESI école d'ingénieurs - campus de La Rochelle à Lagord (17) | CESI école d'ingénieurs - campus de Lille à Villeneuve-d'Ascq (59) | CESI école d'ingénieurs - campus de Lyon à Villeurbanne (69) | CESI école d'ingénieurs - campus de Montpellier à Mauguio (34) | CESI école d'ingénieurs - campus de Nancy à Vandoeuvre-lès-Nancy (54) | CESI école d'ingénieurs - campus de Nantes à Nantes (44) | CESI école d'ingénieurs - campus de Nice à Nice (06) | CESI école d'ingénieurs - campus de Paris Nanterre à Nanterre (92) | CESI école d'ingénieurs - campus de Pau à Pau (64) | CESI école d'ingénieurs - campus de Pau - site d'Assat à Assat (64) | CESI école d'ingénieurs - campus de Reims à Reims (51) | CESI école d'ingénieurs - campus de Rouen à Saint-Etienne-du-Rouvray (76) | CESI école d'ingénieurs - campus de Saint-Nazaire à Saint-Nazaire (44) | CESI école d'ingénieurs - campus de Strasbourg à Lingolsheim (67) | CESI école d'ingénieurs - campus de Toulouse à Labège (31) | CESI école d'ingénieurs - campus du Mans à Le Mans (72),https://www.onisep.fr/http/redirection/etablissement/slug/ENS.17173 | https://www.onisep.fr/http/redirection/etablissement/slug/ENS.19231 | https://www.onisep.fr/http/redirection/etablissement/slug/ENS.16951 | https://www.onisep.fr/http/redirection/etablissement/slug/ENS.18195 | https://www.onisep.fr/http/redirection/etablissement/slug/ENS.24916 | https://www.onisep.fr/http/redirection/etablissement/slug/ENS.19242 | https://www.onisep.fr/http/redirection/etablissement/slug/ENS.16823 | https://www.onisep.fr/http/redirection/etablissement/slug/ENS.10172 | https://www.onisep.fr/http/redirection/etablissement/slug/ENS.24918 | https://www.onisep.fr/http/redirection/etablissement/slug/ENS.18742 | https://www.onisep.fr/http/redirection/etablissement/slug/ENS.16982 | https://www.onisep.fr/http/redirection/etablissement/slug/ENS.18688 | https://www.onisep.fr/http/redirection/etablissement/slug/ENS.21960 | https://www.onisep.fr/http/redirection/etablissement/slug/ENS.14955 | https://www.onisep.fr/http/redirection/etablissement/slug/ENS.24925 | https://www.onisep.fr/http/redirection/etablissement/slug/ENS.18712 | https://www.onisep.fr/http/redirection/etablissement/slug/ENS.14918 | https://www.onisep.fr/http/redirection/etablissement/slug/ENS.14862 | https://www.onisep.fr/http/redirection/etablissement/slug/ENS.15613 | https://www.onisep.fr/http/redirection/etablissement/slug/ENS.16550 | https://www.onisep.fr/http/redirection/etablissement/slug/ENS.10564 | https://www.onisep.fr/http/redirection/etablissement/slug/ENS.15933 | https://www.onisep.fr/http/redirection/etablissement/slug/ENS.2658 | https://www.onisep.fr/http/redirection/etablissement/slug/ENS.17876 | https://www.onisep.fr/http/redirection/etablissement/slug/ENS.15804,CS 90113,"264 boulevard Godard, Immeuble Phénix",33070,Bordeaux,33063,Cedex,05 56 95 50 50,,33 - Gironde,Bordeaux,Nouvelle-Aquitaine,75,-0.577573,44.865,,https://www.onisep.fr/http/redirection/etablissement/slug/ENS.3951,06/06/2020,23/10/2025
0753636V,81115576100067,grande école de commerce,EBS Paris,,privé,Ministère de l'Enseignement supérieur et de la Recherche,,,,,,9 avenue Pierre de Coubertin,75013,Paris,75100,,01 81 51 15 10,13,75 - Paris,Paris,Ile-de-France,11,2.3445566,48.8184536,,https://www.onisep.fr/http/redirection/etablissement/slug/ENS.9942,06/06/2020,03/02/2026
0951266K,77566395800046,grande école de commerce,ESSEC Business School,ESSEC BS,privé,Ministère de l'Enseignement supérieur et de la Recherche,,,,,CS 50105,3 avenue Bernard Hirsch,95021,Cergy,95127,Cedex,01 34 43 30 00,,95 - Val-d'Oise,Versailles,Ile-de-France,11,2.07688,49.0342,,https://www.onisep.fr/http/redirection/etablissement/slug/ENS.5744,06/06/2020,27/01/2026
0753488J,19753488600092,unité de formation et de recherche,Filière traitement automatique des langues,Inalco,public,Ministère de l'Enseignement supérieur et de la Recherche,Institut national des langues et civilisations orientales (0753488J),https://www.onisep.fr/http/redirection/etablissement/slug/ENS.85,,,,65 rue des Grands Moulins,75013,Paris,75100,,01 81 70 11 36,13,75 - Paris,Paris,Ile-de-France,11,2.3757925,48.8274311,,https://www.onisep.fr/http/redirection/etablissement/slug/ENS.18796,06/06/2020,18/12/2025
0760167U,83429535400015,grande école de commerce,NEOMA Business School,NEOMA BS,privé,Ministère de l'Enseignement supérieur et de la Recherche,,,NEOMA Business School à Paris (75) | NEOMA Business School à Reims (51),https://www.onisep.fr/http/redirection/etablissement/slug/ENS.17222 | https://www.onisep.fr/http/redirection/etablissement/slug/ENS.7867,BP 215,1 rue du Maréchal Juin,76825,Mont-Saint-Aignan,76451,Cedex,02 32 82 57 00,,76 - Seine-Maritime,Normandie,Normandie,28,1.0638982057571,49.463054899861,,https://www.onisep.fr/http/redirection/etablissement/slug/ENS.15747,06/06/2020,16/01/2026
0753184D,88936649800034,autre établissement d'enseignement,"FERRANDI Paris, l'école française de gastronomie et de management hôtelier",,privé hors contrat,Chambre de commerce et d'industrie,,,CFA Ferrandi Paris - site de Paris à Paris (75) | CFA Ferrandi Paris - site de Saint-Gratien à Saint-Gratien (95) | École Ferrandi Paris - campus de Bordeaux à Bordeaux (33) | École Ferrandi Paris - campus de Rennes à Rennes (35),https://www.onisep.fr/http/redirection/etablissement/slug/ENS.19366 | https://www.onisep.fr/http/redirection/etablissement/slug/ENS.11608 | https://www.onisep.fr/http/redirection/etablissement/slug/ENS.22978 | https://www.onisep.fr/http/redirection/etablissement/slug/ENS.22795,,30 rue de l'Abbé Grégoire,75006,Paris,75100,,01 49 54 28 00,06,75 - Paris,Paris,Ile-de-France,11,2.3255263,48.8473913,le 18/11/2026 de 13h30 à 17h30,https://www.onisep.fr/http/redirection/etablissement/slug/ENS.10492,06/06/2020,25/06/2026
0912255G,18009202500063,grande école de commerce,Institut Mines - Télécom École de Management,,public,"Ministère chargé de l'Économie, des Finances et de la Souveraineté industrielle et numérique",,,École nationale supérieure Mines-Télécom Atlantique Bretagne Pays de la Loire - campus de Brest à Brest (29) | École nationale supérieure Mines-Télécom Atlantique Bretagne Pays de la Loire - campus de Nantes à Nantes (44) | École nationale supérieure Mines-Télécom Atlantique Bretagne Pays de la Loire - campus de Rennes à Cesson-Sévigné (35) | École nationale supérieure Mines-Télécom Nord Europe - campus de Douai à Douai (59) | École nationale supérieure Mines-Télécom Nord Europe - campus de Dunkerque à Dunkerque (59) | École nationale supérieure Mines-Télécom Nord Europe - campus de Lille à Villeneuve-d'Ascq (59) | École nationale supérieure Mines-Télécom Nord Europe - InGHénia - campus de Valenciennes à Aulnoy-lez-Valenciennes (59) | École nationale supérieure Mines-Télécom Nord Europe - Polyvia formation - campus d'Alençon à Damigny (61) | Institut Mines-Télécom à Paris (75) | Télécom SudParis - site d'Évry à Evry-Courcouronnes (91) | Télécom SudParis - site de Palaiseau à Palaiseau (91),https://www.onisep.fr/http/redirection/etablissement/slug/ENS.15067 | https://www.onisep.fr/http/redirection/etablissement/slug/ENS.5638 | https://www.onisep.fr/http/redirection/etablissement/slug/ENS.17847 | https://www.onisep.fr/http/redirection/etablissement/slug/ENS.11085 | https://www.onisep.fr/http/redirection/etablissement/slug/ENS.17020 | https://www.onisep.fr/http/redirection/etablissement/slug/ENS.2015 | https://www.onisep.fr/http/redirection/etablissement/slug/ENS.13552 | https://www.onisep.fr/http/redirection/etablissement/slug/ENS.4481 | https://www.onisep.fr/http/redirection/etablissement/slug/ENS.726 | https://www.onisep.fr/http/redirection/etablissement/slug/ENS.18499 | https://www.onisep.fr/http/redirection/etablissement/slug/ENS.17767,,9 rue Charles Fourier,91011,Evry-Courcouronnes,91228,Cedex,01 60 76 40 40,,91 - Essonne,Versailles,Ile-de-France,11,2.4430686235428,48.625122634847,,https://www.onisep.fr/http/redirection/etablissement/slug/ENS.10013,06/06/2020,25/06/2026
0341523W,77609026800025,"lycée général, technologique ou polyvalent",Lycée privé polyvalent Saint-Joseph,,privé sous contrat,Ministère chargé de l'Éducation nationale,,,,,BP 77,11 avenue Marx Dormoy,34202,Sète,34301,Cedex,04 67 53 69 10,,34 - Hérault,Montpellier,Occitanie,76,3.69314,43.4035,,https://www.onisep.fr/http/redirection/etablissement/slug/ENS.13362,06/06/2020,05/03/2025
9740015Y,19974983900015,lycée professionnel,Lycée professionnel de Vue Belle,,public,Ministère chargé de l'Éducation nationale,,,,,BP 105,Chemin Vue belle,97422,Saint-Paul,97415,,02 62 33 69 33,,974 - La Réunion,La Réunion,La Réunion,04,55.271909,-21.079258,,https://www.onisep.fr/http/redirection/etablissement/slug/ENS.1027,06/06/2020,09/01/2026
0590101P,19590101200011,"lycée général, technologique ou polyvalent",Lycée des Flandres,,public,Ministère chargé de l'Éducation nationale,,,Collège des Flandres à Hazebrouck (59) | Lycée professionnel des Monts de Flandre à Hazebrouck (59),https://www.onisep.fr/http/redirection/etablissement/slug/ENS.11513 | https://www.onisep.fr/http/redirection/etablissement/slug/ENS.11836,BP 69,2 avenue des Flandres,59522,Hazebrouck,59295,Cedex,03 28 43 76 76,,59 - Nord,Lille,Hauts-de-France,32,2.53232,50.7289,,https://www.onisep.fr/http/redirection/etablissement/slug/ENS.4441,06/06/2020,03/03/2025
9730308X,19973261100033,"lycée général, technologique ou polyvalent",Lycée polyvalent Élie Castor,,public,Ministère chargé de l'Éducation nationale,,,,,BP 803,1 allée boulevard Bellony,97388,Kourou,97304,,0594 22 36 94,,973 - Guyane,Guyane,Guyane,03,-52.648001241511,5.1553588,,https://www.onisep.fr/http/redirection/etablissement/slug/ENS.9172,06/06/2020,05/03/2026
0771171E,19771171600013,lycée professionnel,Lycée professionnel Louis Lumière,,public,Ministère chargé de l'Éducation nationale,,,,,BP 80,4 rue Louis Lumière,77504,Chelles,77108,Cedex,01 60 93 12 10,,77 - Seine-et-Marne,Créteil,Ile-de-France,11,2.61228,48.8796,,https://www.onisep.fr/http/redirection/etablissement/slug/ENS.1769,06/06/2020,03/02/2025
0750672Y,19750672800017,"lycée général, technologique ou polyvalent",École supérieure des arts appliqués Duperré,ESEAA,public,Ministère chargé de l'Éducation nationale,,,,,,11 rue Dupetit-Thouars,75003,Paris,75100,,01 42 78 59 09,03,75 - Paris,Paris,Ile-de-France,11,2.36204,48.8651,,https://www.onisep.fr/http/redirection/etablissement/slug/ENS.2547,06/06/2020,17/06/2026
0442409E,13002974700156,école d'ingénieurs,École polytechnique universitaire de Nantes Université,Polytech,public,Ministère de l'Enseignement supérieur et de la Recherche,Nantes université (0442953W),https://www.onisep.fr/http/redirection/etablissement/slug/ENS.106,École polytechnique universitaire de Nantes Université à Saint-Nazaire (44),https://www.onisep.fr/http/redirection/etablissement/slug/ENS.8062,CS 50609,Rue Christian Pauc,44306,Nantes,44109,Cedex 03,02 40 68 32 00,,44 - Loire-Atlantique,Nantes,Pays de la Loire,52,-1.51458,47.2833,,https://www.onisep.fr/http/redirection/etablissement/slug/ENS.8757,06/06/2020,26/11/2025
0490067G,,autre établissement d'enseignement,École nationale supérieure d'arts et métiers - campus d'Angers,ENSAM,public,Ministère de l'Enseignement supérieur et de la Recherche,,,,,,"Rue Marie Curie, Laval Virtual Center",49100,Changé,53054,,02 41 20 73 73,,53 - Mayenne,Nantes,Pays de la Loire,52,-0.7522264,48.0875625,,https://www.onisep.fr/http/redirection/etablissement/slug/ENS.19112,06/06/2020,07/01/2026
0331766R,19331766600017,université,Université Bordeaux Montaigne,,public,Ministère de l'Enseignement supérieur et de la Recherche,,,,,,Domaine universitaire,33607,Pessac,33318,Cedex,05 57 12 44 44,,33 - Gironde,Bordeaux,Nouvelle-Aquitaine,75,-0.612181,44.7944202,,https://www.onisep.fr/http/redirection/etablissement/slug/ENS.302,06/06/2020,08/01/2026
0680099N,19681166500096,école d'ingénieurs,École nationale supérieure d'ingénieurs Sud Alsace,ENSISA,public,Ministère de l'Enseignement supérieur et de la Recherche,Université de Haute Alsace Mulhouse (0681166Y),https://www.onisep.fr/http/redirection/etablissement/slug/ENS.72,,,,12 rue des Frères Lumière,68093,Mulhouse,68224,Cedex,03 89 33 69 00,,68 - Haut-Rhin,Strasbourg,Grand Est,44,7.3107039928436,47.729177811669,,https://www.onisep.fr/http/redirection/etablissement/slug/ENS.14692,06/06/2020,02/12/2025
0261459V,19381912500017,école d'ingénieurs,École nationale supérieure en systèmes avancés et réseaux - Grenoble INP-UGA,Esisar,public,Ministère de l'Enseignement supérieur et de la Recherche,Université Grenoble Alpes (0383546Y),https://www.onisep.fr/http/redirection/etablissement/slug/ENS.490,,,CS 10054,50 rue Barthélémy de Laffemas,26902,Valence,26362,Cedex 09,04 75 75 94 00,,26 - Drôme,Grenoble,Auvergne-Rhône-Alpes,84,4.91361,44.9173,,https://www.onisep.fr/http/redirection/etablissement/slug/ENS.15526,06/06/2020,14/04/2026
0772493S,,centre de formation de fonctionnaires,Académie militaire de la gendarmerie nationale,AMGN,public,Ministère des Armées,,,,,,Avenue du 13e dragons,77000,Melun,77288,Cedex,01 64 14 33 00,,77 - Seine-et-Marne,Créteil,Ile-de-France,11,2.65187,48.546,,https://www.onisep.fr/http/redirection/etablissement/slug/ENS.9409,06/06/2020,25/02/2026
0756305W,13002995200012,université,Université Paris-Panthéon-Assas,,public,Ministère de l'Enseignement supérieur et de la Recherche,,,,,,12 place du Panthéon,75231,Paris,75100,Cedex 05,01 44 41 57 00,05,75 - Paris,Paris,Ile-de-France,11,2.345,48.847,,https://www.onisep.fr/http/redirection/etablissement/slug/ENS.84,06/06/2020,04/05/2026
0941953M,44263925800023,école d'ingénieurs,ESME - campus d'Ivry-sur-Seine,,privé,,,,ESME - campus de Bordeaux à Bordeaux (33) | ESME - campus de Lille à Lille (59) | ESME - campus de Lyon à Lyon (69) | ESME - campus de Paris à Paris (75),https://www.onisep.fr/http/redirection/etablissement/slug/ENS.19782 | https://www.onisep.fr/http/redirection/etablissement/slug/ENS.17155 | https://www.onisep.fr/http/redirection/etablissement/slug/ENS.9179 | https://www.onisep.fr/http/redirection/etablissement/slug/ENS.15935,,38 rue Moliere,94200,Ivry-sur-Seine,94041,,01 56 20 62 05,,94 - Val-de-Marne,Créteil,Ile-de-France,11,2.395083,48.814472,,https://www.onisep.fr/http/redirection/etablissement/slug/ENS.7854,06/06/2020,21/08/2025
